text,clean_text,processed_text,emojis,label,app,language
"mudah sekali, masa pun jimat",mudah sekali masa pun jimat,mudah jimat,,positive,Touch n Go eWallet,ms
can't find the name of klinik that's I wanted,cant find the name of klinik thats i wanted,cant find name klinik that want,,neutral,MySejahtera,en
sobrang pricey na ng pamasahe ng grab jusko. overpriced. 🥹😭😭,sobrang pricey na ng pamasahe ng grab jusko overpriced,sobrang pricey na ng pamasah ng grab jusko overpr,🥹😭,negative,Grab,en
saya nak tukar no fon baru ..tapi sulit nak buat..boleh bagi tahu saya macam mana nak buat..fon lama saya hilang kena curi,saya nak tukar no fon baru tapi sulit nak buatboleh bagi tahu saya macam mana nak buatfon lama saya hilang kena curi,nak tukar no fon sulit nak buatboleh nak buatfon hilang curi,,negative,MySejahtera,ms
one man show,one man show,one man show,,neutral,Touch n Go eWallet,en
"Touch nGo eWallet provides a convenient cashless payment solution. Transactions are quick, secure, and suitable for daily use.",touch ngo ewallet provides a convenient cashless payment solution transactions are quick secure and suitable for daily use,touch ngo ewallet provid conveni cashless payment solut transact quick secur suitabl daili use,,positive,Touch n Go eWallet,en
annoying when promotion pop up first when open app,annoying when promotion pop up first when open app,annoy promot pop first open app,,neutral,Touch n Go eWallet,en
grab ni sangat berguna tetapi saya rasa sedikit terasa sedih la juga sebab separuh driver minta duit lebih time saya mau kosong tu lah diorang minta tambah 😔,grab ni sangat berguna tetapi saya rasa sedikit terasa sedih la juga sebab separuh driver minta duit lebih time saya mau kosong tu lah diorang minta tambah,grab guna sedih la paruh driver duit time kosong orang,😔,neutral,Grab,ms
trouble with connection of my payment card but otherwise a great app,trouble with connection of my payment card but otherwise a great app,troubl connect payment card otherwis great app,,positive,Grab,en
always lock me out whenever i receive funds from top up n transfer .. inconcenient .. embarrasing as well especially while making payment,always lock me out whenever i receive funds from top up n transfer inconcenient embarrasing as well especially while making payment,alway lock whenev receiv fund top transfer inconceni embarras well especi make payment,,negative,Touch n Go eWallet,en
the tng card balance is not updated,the tng card balance is not updated,tng card balanc not updat,,neutral,Touch n Go eWallet,en
"Kenapa saya tidak dapat mengakses bahagian temujanji di aplikasi mysejahtera, billa tekan diminta untuk verified account tapi dapat notis sudah verified melalui akaun sekian2..tapi bahagian temujanji tetap tidak boleh akses",kenapa saya tidak dapat mengakses bahagian temujanji di aplikasi mysejahtera billa tekan diminta untuk verified account tapi dapat notis sudah verified melalui akaun sekian tapi bahagian temujanji tetap tidak boleh akses,tidak mengaks bahagian temujanji aplikasi mysejahtera billa tekan verifi account noti verifi akaun sekian bahagian temujanji tidak aks,,neutral,MySejahtera,en
verry good . is easy,verry good is easy,verry good easy,,positive,Grab,ms
very fast and responsive,very fast and responsive,fast respons,,positive,Touch n Go eWallet,en
tidak boleh guna pon app ni.... loading je...,tidak boleh guna pon app ni loading je,tidak pon app load,,negative,MySejahtera,en
🥴tak boleh bukak,tak boleh bukak,tak bukak,🥴,neutral,MySejahtera,ms
okay tak ada masalah.,okay tak ada masalah,okay tak,,neutral,Grab,ms
good drive safe,good drive safe,good drive safe,,neutral,Grab,en
Love using touch n go app. Secure fast and easy to use. But they have cancelled the auto reload from Debit cards i.e if your e wallet balance is low it will deduct from your debit card to fulfil the payment. Which was convenient specially at tolls.,love using touch n go app secure fast and easy to use but they have cancelled the auto reload from debit cards ie if your e wallet balance is low it will deduct from your debit card to fulfil the payment which was convenient specially at tolls,love use touch go app secur fast easi use cancel auto reload debit card ie wallet balanc low deduct debit card fulfil payment conveni special toll,,neutral,Touch n Go eWallet,en
kenapa sistem madani sekarang menyusahkan rakyat? mysejahtera tak boleh nak update number baru ? buat banyak kali pun macam tu juga apa2 appointment mesti nak kena guna mysejahtera bad service maaf cakap ye 👎🏻👎🏻👎🏻,kenapa sistem madani sekarang menyusahkan rakyat mysejahtera tak boleh nak update number baru buat banyak kali pun macam tu juga apa appointment mesti nak kena guna mysejahtera bad service maaf cakap ye,sistem madani susah rakyat mysejahtera tak nak update number appointment mesti nak mysejahtera bad service maaf cakap ye,👎🏻,negative,MySejahtera,ms
"TNG Ewallet crashed every time I opened it, causing even my system UI to stop working forcing a restart. I use Realme C53",tng ewallet crashed every time i opened it causing even my system ui to stop working forcing a restart i use realme c,tng ewallet crash everi time open caus even system ui stop work forc restart use realm,,neutral,Touch n Go eWallet,en
saya punya akaun pun tak boleh buka dah lah duit saya ada dalam tu,saya punya akaun pun tak boleh buka dah lah duit saya ada dalam tu,akaun tak buka dah duit,,negative,Touch n Go eWallet,ms
information and investment...,information and investment,information investment,,positive,MySejahtera,ms
kenapa mysejahtera dah tak boleh nak download ?,kenapa mysejahtera dah tak boleh nak download,mysejahtera dah tak nak download,,neutral,MySejahtera,ms
Kenapa lama sangat pengesahan ni aduh jem jem🙂,kenapa lama sangat pengesahan ni aduh jem jem,kesah aduh jem jem,🙂,neutral,MySejahtera,ms
unable to update latest apps version for model samsung z fold5,unable to update latest apps version for model samsung z fold,unabl updat latest app version model samsung fold,,negative,MySejahtera,en
"saya dah kemaskini mysejahtera, kenapa tak boleh tengok bahagian profile",saya dah kemaskini mysejahtera kenapa tak boleh tengok bahagian profile,dah kemaskini mysejahtera tak tengok bahagian profile,,negative,MySejahtera,ms
"Saya di sini untuk meminta tolong... Kembalikan kredit untuk topup ""CELCOME""😭 saya sedang sulit nak topup internet celcome untuk teruskan monthly internet",saya di sini untuk meminta tolong kembalikan kredit untuk topup celcome saya sedang sulit nak topup internet celcome untuk teruskan monthly internet,tolong kembali kredit topup celcome sulit nak topup internet celcome terus monthly internet,😭,neutral,Grab,ms
"i hope they would add a feature to cancel your order, when the order is not yet accepted by the driver. coz that would be more effective for customers, to cancel their orders instead of messaging the drivers themselves and 😐",i hope they would add a feature to cancel your order when the order is not yet accepted by the driver coz that would be more effective for customers to cancel their orders instead of messaging the drivers themselves and,hope would add featur cancel order order not yet accept driver coz would effect custom cancel order instead messag driver,😐,neutral,Grab,en
MURUGAMAH A/P MUNIANDY,murugamah ap muniandy,murugamah ap muniandy,,positive,MySejahtera,ms
grab letak location jalan salah :/,grab letak location jalan salah,grab letak locat jalan salah,,neutral,Grab,en
"after update, with new ux, now it is not easy to find icon to reload tng..you just spam us with lot of rubbish..im wonder what type of programmer or web designer u hire..almost zero knowledge in user exp..fix this!!!",after update with new ux now it is not easy to find icon to reload tngyou just spam us with lot of rubbishim wonder what type of programmer or web designer u hirealmost zero knowledge in user expfix this,updat new ux not easi find icon reload tngyou spam us lot rubbishim wonder type programm web design hirealmost zero knowledg user expfix,,negative,Touch n Go eWallet,en
I can't use,i cant use,cant use,,negative,MySejahtera,en
after everything solve the review will came in. At the moment it's quite good experience,after everything solve the review will came in at the moment its quite good experience,everyth solv review came moment quit good experi,,positive,Touch n Go eWallet,en
pulih tng saya ...susah n transfer duit,pulih tng saya susah n transfer duit,pulih tng susah transfer duit,,negative,Touch n Go eWallet,ms
Ada apps da bagus da. Tp sistem tk updated. Vacine dah amik tkde rekod. Lab test tak masuk. Belum cerita pasal booking system. Nak booking xde slot. Bila call klinik ada je kosong. Tak sycronize langsung.,ada apps da bagus da tp sistem tk updated vacine dah amik tkde rekod lab test tak masuk belum cerita pasal booking system nak booking xde slot bila call klinik ada je kosong tak sycronize langsung,app da bagus da tp sistem tk updat vacin dah amik tkde rekod lab test tak belum cerita pasal book system nak book xde slot call klinik kosong tak sycron,,negative,MySejahtera,en
I can't find my vaccination card,i cant find my vaccination card,cant find vaccin card,,neutral,MySejahtera,en
"would give 5 stars if you can implement the same feature as foodpanda. after choosing Ur food, there's a feature to input ur special instructions. It was upsetting when i first used grab after foodpanda.",would give stars if you can implement the same feature as foodpanda after choosing ur food theres a feature to input ur special instructions it was upsetting when i first used grab after foodpanda,would give star implement featur foodpanda choos ur food there featur input ur special instruct upset first use grab foodpanda,,positive,Grab,en
grab ok...tapi harga makin mahal..sedangkan dekat jer .melampau kadang2..tolonglah turun kan harga sikit...dekat jer pun!!!bukan nk g jauh...makin mahal!!!,grab oktapi harga makin mahalsedangkan dekat jer melampau kadang tolonglah turun kan harga sikitdekat jer punbukan nk g jauhmakin mahal,grab oktapi harga mahalsedangkan jer lampau kadang tolong turun harga sikitdekat jer punbukan nk jauhmakin mahal,,negative,Grab,ms
"Look, can you not make a nearest drop point for pickup? I've been using it for like a long time, and pickup places like 10 -15 minutes walk just for me to call for a Grab driver. Don't make it the nearest point for pickup, just point where I am.",look can you not make a nearest drop point for pickup ive been using it for like a long time and pickup places like minutes walk just for me to call for a grab driver dont make it the nearest point for pickup just point where i am,look not make nearest drop point pickup ive use like long time pickup place like minut walk call grab driver dont make nearest point pickup point,,negative,Grab,en
All foreigners are awere from grab taxi drivers. In Phuket i book a ride from patong to chalong in 280 Bath where i was going to see the dolphin show. When I was reached at my destination i gave 200 bath to the drive of car No. 1316 then because i have no 80 bath change in my wallet i gave him again 1000 Bath and ask him to return my 920 my back in mean time he close his car window and ran away from stop. I shouted and run back to him. And i also call him on him cell phn no. Mention on Grab app,all foreigners are awere from grab taxi drivers in phuket i book a ride from patong to chalong in bath where i was going to see the dolphin show when i was reached at my destination i gave bath to the drive of car no then because i have no bath change in my wallet i gave him again bath and ask him to return my my back in mean time he close his car window and ran away from stop i shouted and run back to him and i also call him on him cell phn no mention on grab app,foreign awer grab taxi driver phuket book ride patong chalong bath go see dolphin show reach destin gave bath drive car no no bath chang wallet gave bath ask return back mean time close car window ran away stop shout run back also call cell phn no mention grab app,,negative,Grab,en
I've no problem with GRAB SERVICES so far! overall is good! but the application ask me and need to UPGRADES time over the times..again n again! in fact there's not much change into the application after I get the upgrade! wasting my prestige time and my prestige internal memory of my phone!!! it sucks!,ive no problem with grab services so far overall is good but the application ask me and need to upgrades time over the timesagain n again in fact theres not much change into the application after i get the upgrade wasting my prestige time and my prestige internal memory of my phone it sucks,ive no problem grab servic far overal good applic ask need upgrad time timesagain fact there not much chang applic get upgrad wast prestig time prestig intern memori phone suck,,negative,Grab,en
ya sanggat baik,ya sanggat baik,sanggat,,positive,Grab,ms
good taxi service,good taxi service,good taxi servic,,positive,Grab,en
why quick payment and auto reload is unavailable?? when fix that problem?,why quick payment and auto reload is unavailable when fix that problem,quick payment auto reload unavail fix problem,,negative,Touch n Go eWallet,en
saya baru mula,saya baru mula,,,neutral,Touch n Go eWallet,ms
cara membuat tempahan awal??,cara membuat tempahan awal,tempah,,positive,MySejahtera,ms
ok laaa bagus lain kali upgrade lama supaya semua bank boleh dapat,ok la bagus lain kali upgrade lama supaya semua bank boleh dapat,ok la bagus upgrad bank,,positive,Touch n Go eWallet,en
Susah sangat nk tgk rekod kesihatan...dah kemaskini pun tetap xboleh tengok,susah sangat nk tgk rekod kesihatandah kemaskini pun tetap xboleh tengok,susah nk tgk rekod kesihatandah kemaskini xboleh tengok,,negative,MySejahtera,ms
akaun lama tak ada lagi sebab dh tukar nombor telefon.nak buat akaun baru tak dapat macam mana nak buat akaun baru.,akaun lama tak ada lagi sebab dh tukar nombor telefonnak buat akaun baru tak dapat macam mana nak buat akaun baru,akaun tak dh tukar nombor telefonnak akaun tak nak akaun,,negative,Touch n Go eWallet,ms
i love this App,i love this app,love app,,positive,MySejahtera,en
"harga berpatutan, driver juga mesra dan ramah.",harga berpatutan driver juga mesra dan ramah,harga patut driver mesra ramah,,neutral,Grab,ms
Saya amat meyukainya,saya amat meyukainya,meyukainya,,positive,MySejahtera,ms
"Janan susahkan guna biometric atau passcode. mysejahtera untuk kesihatan, pakcik makcik terpaksa buat passcode untuk mysejahtera, makin menyusahkan mereka bila guna telefon",janan susahkan guna biometric atau passcode mysejahtera untuk kesihatan pakcik makcik terpaksa buat passcode untuk mysejahtera makin menyusahkan mereka bila guna telefon,janan susahkan biometr passcod mysejahtera kesihatan pakcik makcik terpaksa passcod mysejahtera menyusahkan telefon,,negative,MySejahtera,en
tak boleh nak book appointment. tak keluar pun nearest klinik yg available .keluar yg kat KL punya. kita duduk pahang,tak boleh nak book appointment tak keluar pun nearest klinik yg available keluar yg kat kl punya kita duduk pahang,tak nak book appoint tak nearest klinik yg avail yg kat kl duduk pahang,,negative,MySejahtera,en
Klau murah sikit lagi bgus,klau murah sikit lagi bgus,klau murah sikit bgus,,neutral,Grab,ms
"bodoh la korang ni,sial betul aku betul betul kecemasan nak bayar rumah sewa,so aku beli lah pin tng,tp lansung tak boleh hantar,ehh ikut suka kitorang lah nak buat apa dengan duit kitorang,yg korang ni memandai pula tak bagi transfer,ibarat korang mencuri duit pelanggan sial,dah masuk dalam apps korang lps tu korang pula yg atur kan apa yg boleh dan apa yg tak boleh dengan duit org??apa la bodoh sngt,dah kenapa pula aku beli pin tng dgn sampah ke bodoh?aku beli dgn duit hasil titik peluh aku,",bodoh la korang nisial betul aku betul betul kecemasan nak bayar rumah sewaso aku beli lah pin tngtp lansung tak boleh hantarehh ikut suka kitorang lah nak buat apa dengan duit kitorangyg korang ni memandai pula tak bagi transferibarat korang mencuri duit pelanggan sialdah masuk dalam apps korang lps tu korang pula yg atur kan apa yg boleh dan apa yg tak boleh dengan duit orgapa la bodoh sngtdah kenapa pula aku beli pin tng dgn sampah ke bodohaku beli dgn duit hasil titik peluh aku,bodoh la korang nisial cemas nak bayar rumah sewaso beli pin tngtp lansung tak hantarehh suka kitorang nak duit kitorangyg korang mandai tak transferibarat korang curi duit langgan sialdah apps korang lps korang yg atur yg yg tak duit orgapa la bodoh sngtdah beli pin tng dgn sampah bodohaku beli dgn duit hasil titik peluh,,negative,Touch n Go eWallet,ms
best mudh jimat,best mudh jimat,best mudh jimat,,positive,Touch n Go eWallet,ms
so easy and so helpful for me,so easy and so helpful for me,easi help,,positive,Touch n Go eWallet,en
kenapa harga greb tak sesuai kadang mahal,kenapa harga greb tak sesuai kadang mahal,harga greb tak sesuai kadang mahal,,negative,Grab,ms
awesome. fast and reliable keep it up,awesome fast and reliable keep it up,awesom fast reliabl keep,,positive,Touch n Go eWallet,en
The app was improved by a long mile since it was first introduced. the thing lacking was the security similar to banking sector level of security.,the app was improved by a long mile since it was first introduced the thing lacking was the security similar to banking sector level of security,app improv long mile sinc first introduc thing lack secur similar bank sector level secur,,positive,Touch n Go eWallet,en
Terbaik dan mantap,terbaik dan mantap,baik mantap,,positive,MySejahtera,ms
Best juga offers grab food ni,best juga offers grab food ni,best offer grab food,,positive,Grab,en
mycampion macam mana ni ok,mycampion macam mana ni ok,mycampion ok,,neutral,MySejahtera,ms
poor help support service,poor help support service,poor help support servic,,negative,Grab,en
meyusah org..cari sijil vaksin tak jumpa jumpa.,meyusah orgcari sijil vaksin tak jumpa jumpa,meyusah orgcari sijil vaksin tak jumpa jumpa,,negative,MySejahtera,ms
"Saya buat akaun recovery .Akaun saya dah disahkan dan tidak dapat dipulihkan juga walaupun menggunakan nombor yang dah dikemaskini, dan emel yg sama.",saya buat akaun recovery akaun saya dah disahkan dan tidak dapat dipulihkan juga walaupun menggunakan nombor yang dah dikemaskini dan emel yg sama,akaun recovery akaun dah sah tidak pulih nombor dah dikemaskini emel yg,,negative,Touch n Go eWallet,ms
"Cant refresh my profile, the date remain in 2022...pla fix the bug thks",cant refresh my profile the date remain in pla fix the bug thks,cant refresh profil date remain pla fix bug thks,,negative,MySejahtera,en
May I know where's the blood donor's info?,may i know wheres the blood donors info,may know where blood donor info,,neutral,MySejahtera,en
sebelum siapkan order pastikan betul jangan main ambik jer tapi salah,sebelum siapkan order pastikan betul jangan main ambik jer tapi salah,siap order pasti jangan main ambik jer salah,,negative,Grab,ms
"No good. 2nd incident. I wanted to fill RM55. I opened Caltexgo to check my Budi to ""Pump & Pay"" using TnG paying RM111.11 Maybe I picked up the pump too early due to my son distracting me, and no petrol came out. I had to come out with another RM50 cash to fill my car up. I think Shell has a better fool proof system.",no good nd incident i wanted to fill rm i opened caltexgo to check my budi to pump pay using tng paying rm maybe i picked up the pump too early due to my son distracting me and no petrol came out i had to come out with another rm cash to fill my car up i think shell has a better fool proof system,no good nd incid want fill rm open caltexgo check budi pump pay use tng pay rm mayb pick pump earli due son distract no petrol came come anoth rm cash fill car think shell better fool proof system,,neutral,Touch n Go eWallet,en
best service this app,best service this app,best servic app,,positive,Grab,en
ikut peraturan jln raya dgn betul dan grab bawa hati2 semasa memandu dan bersopan santun bila bercakap,ikut peraturan jln raya dgn betul dan grab bawa hati semasa memandu dan bersopan santun bila bercakap,atur jln raya dgn grab bawa hati pandu sopan santun cakap,,positive,Grab,ms
Terbaik untuk saya selesaikan semua masalah.sangat senang.,terbaik untuk saya selesaikan semua masalahsangat senang,baik selesai masalahsangat senang,,positive,MySejahtera,ms
Macam mana cara nak kemaskini emel baru?..saya sudah tidak pakai emel sebelum nya,macam mana cara nak kemaskini emel barusaya sudah tidak pakai emel sebelum nya,nak kemaskini emel barusaya tidak pakai emel,,negative,MySejahtera,ms
great and easy,great and easy,great easi,,positive,Touch n Go eWallet,en
"sebelum ni guna grab ni ok je, cepat dan harga pun sesuai.....tapi sekarang harga tetap rm5 , bila dah oder pemandu call naik kan tambang rm10 . tiada kejujuran.. sebelum ni guna grab harga tetap rm9. sekarang harga tetap kadang rm5 boleh naik sampai 9 dan 10 kadang ada sampai 13😮‍💨",sebelum ni guna grab ni ok je cepat dan harga pun sesuaitapi sekarang harga tetap rm bila dah oder pemandu call naik kan tambang rm tiada kejujuran sebelum ni guna grab harga tetap rm sekarang harga tetap kadang rm boleh naik sampai dan kadang ada sampai,grab ok cepat harga sesuaitapi harga rm dah oder pandu call tambang rm tiada jujur grab harga rm harga kadang rm kadang,😮‍💨,neutral,Grab,ms
i have been using more touchngo since last year and it have been really convenience using it. it merge many service on one app,i have been using more touchngo since last year and it have been really convenience using it it merge many service on one app,use touchngo sinc last year realli conveni use merg mani servic one app,,positive,Touch n Go eWallet,en
"Grab memang senang dapat bila kita booking tetapi,tiada mata ganjaran atau poin kita dapat,tak best dah,harap perbaiki supaya harga berpatutan lah utk pengguna grab",grab memang senang dapat bila kita booking tetapitiada mata ganjaran atau poin kita dapattak best dahharap perbaiki supaya harga berpatutan lah utk pengguna grab,grab senang booking tetapitiada ganjar poin dapattak best dahharap baik harga patut utk guna grab,,negative,Grab,ms
"makin update new version makin teruk, especially need to click on the ""Reward"" , forever load non stop even using WiFi. 😓😓 pls improve the web bandwidth",makin update new version makin teruk especially need to click on the reward forever load non stop even using wifi pls improve the web bandwidth,updat new version teruk especi need click reward forev load non stop even use wifi pls improv web bandwidth,😓,negative,Touch n Go eWallet,en
saya sangat gembira kerana dengan pas grab dapat memudahkan orang,saya sangat gembira kerana dengan pas grab dapat memudahkan orang,gembira rana pas grab mudah,,positive,Grab,ms
Kenapa Selepas kemas kini sijil jadi hitam putih pula,kenapa selepas kemas kini sijil jadi hitam putih pula,lepas kemas sijil hitam putih,,negative,MySejahtera,ms
Ianya akan dapat membantu nanti,ianya akan dapat membantu nanti,ianya bantu,,positive,Touch n Go eWallet,ms
please make dark mode version,please make dark mode version,pleas make dark mode version,,neutral,Touch n Go eWallet,en
grab harga sangat mahal,grab harga sangat mahal,grab harga mahal,,negative,Grab,ms
"kurang puaskan, sebab akaun baru sudah buat, tapi dia pusingkan akaun yang lama, dah sampai sini jelah saya guna TNG ini😠😠😠",kurang puaskan sebab akaun baru sudah buat tapi dia pusingkan akaun yang lama dah sampai sini jelah saya guna tng ini,puas akaun pusing akaun dah jelah tng,😠,negative,Touch n Go eWallet,ms
"Very user friendly. It helps me quickly check my future appointments. I can also self check in at home then just arrive at the clinic half an hour before the appointment time. Excellent! However, the notification and history are not updated in time.",very user friendly it helps me quickly check my future appointments i can also self check in at home then just arrive at the clinic half an hour before the appointment time excellent however the notification and history are not updated in time,user friend help quick check futur appoint also self check home arriv clinic half hour appoint time excel howev notif histori not updat time,,positive,MySejahtera,en
I couldn't find my blood donation records,i couldnt find my blood donation records,couldnt find blood donat record,,neutral,MySejahtera,en
It's great for booking an appointment but the QR code scanner from the apps doesn't work well on my phone so I have to manually scan the QR outside the app 🫩,its great for booking an appointment but the qr code scanner from the apps doesnt work well on my phone so i have to manually scan the qr outside the app,great book appoint qr code scanner app doesnt work well phone manual scan qr outsid app,🫩,neutral,MySejahtera,en
terbaik senang bayaran bil elektrik,terbaik senang bayaran bil elektrik,baik senang bayar bil elektrik,,positive,Touch n Go eWallet,ms
sangat membantu ni,sangat membantu ni,bantu,,positive,Grab,ms
mudah dan cepat...senang nak pergi ke mana sahaja,mudah dan cepatsenang nak pergi ke mana sahaja,mudah cepatsenang nak pergi sahaja,,positive,Grab,ms
tq... alright 👌,tq alright,tq alright,👌,positive,Touch n Go eWallet,en
To many notifications,to many notifications,mani notif,,neutral,Grab,en
"pesen makan order placed nya lama banget, mau dicancel gak bisa.. masa harus nunggu sejam dulu baru bisa dicancel..",pesen makan order placed nya lama banget mau dicancel gak bisa masa harus nunggu sejam dulu baru bisa dicancel,pesen makan order place banget dicancel gak nunggu sejam dicancel,,neutral,Grab,en
Just for transaction purpose. Rewards and point collected is not attractive.,just for transaction purpose rewards and point collected is not attractive,transact purpos reward point collect not attract,,negative,Touch n Go eWallet,en
"I can't log out of the application. When I want to log out, nothing comes out and I see that my husband's number is still there to log in even though we have separated the way to log in using our respective emails. Then there are several displays that don't show anything, it's blank and I want to log out and try to log in using my own ID, it doesn't give any response. I've uninstalled and reinstalled this application several times but when I want to open the account information section it keeps",i cant log out of the application when i want to log out nothing comes out and i see that my husbands number is still there to log in even though we have separated the way to log in using our respective emails then there are several displays that dont show anything its blank and i want to log out and try to log in using my own id it doesnt give any response ive uninstalled and reinstalled this application several times but when i want to open the account information section it keeps,cant log applic want log noth come see husband number still log even though separ way log use respect email sever display dont show anyth blank want log tri log use id doesnt give respons ive uninstal reinstal applic sever time want open account inform section keep,,neutral,MySejahtera,en
sometimes the facilities health not appear and all appointment are not available to book,sometimes the facilities health not appear and all appointment are not available to book,sometim facil health not appear appoint not avail book,,negative,MySejahtera,en
"With this new updated app, I can't find my covid 19 vaccination record. Is it available in this updated apps.",with this new updated app i cant find my covid vaccination record is it available in this updated apps,new updat app cant find covid vaccin record avail updat app,,neutral,MySejahtera,en
masuk kan aplikasi yang tidak mau kena langgan lepas tu kena pay direct tiba tiba,masuk kan aplikasi yang tidak mau kena langgan lepas tu kena pay direct tiba tiba,aplikasi tidak langgan lepas pay direct,,negative,Touch n Go eWallet,ms
Apa yang ko dh buat? Mana history Data medication aku🤦🏻‍♂️ orng nk buat rujukan ko pegi buang pula,apa yang ko dh buat mana history data medication aku orng nk buat rujukan ko pegi buang pula,ko dh histori data medic orng nk rujukan ko pegi buang,🤦🏻‍♂️,neutral,MySejahtera,en
Soo good ❤️😘😍😘😊👍,soo good,soo good,😍😊😘👍❤️,positive,MySejahtera,en
tak boleh nk book oppiment,tak boleh nk book oppiment,tak nk book oppiment,,negative,MySejahtera,ms
"nice app, helpful and simple",nice app helpful and simple,nice app help simpl,,positive,Grab,en
यहां अप डिलीवरी के लिए बहुत बढ़िया ऐप है मैंने इसे उसे किया और मुझे बहुत अच्छालगा 😇*,यहां अप डिलीवरी के लिए बहुत बढ़िया ऐप है मैंने इसे उसे किया और मुझे बहुत अच्छालगा,अप ऐप और,😇,positive,Grab,en
Easy to remember it.,easy to remember it,easi rememb,,neutral,MySejahtera,en
Fast rides and deliveries with clear pricing. Smooth and reliable,fast rides and deliveries with clear pricing smooth and reliable,fast ride deliveri clear price smooth reliabl,,positive,Grab,en
"penggunaan grab memang terbaik dan berbaloi, senang dan Ok.",penggunaan grab memang terbaik dan berbaloi senang dan ok,guna grab baik berbaloi senang ok,,positive,Grab,ms
Becareful always follow the official guidelines to verify is it got malware or malicious apps .,becareful always follow the official guidelines to verify is it got malware or malicious apps,becar alway follow offici guidelin verifi got malwar malici app,,neutral,Touch n Go eWallet,en
it x log in or work efficiently.,it x log in or work efficiently,log work effici,,negative,Touch n Go eWallet,en
"After the previous update, the app took forever to load",after the previous update the app took forever to load,previous updat app took forev load,,negative,Touch n Go eWallet,en
"after so long not open this app since pkp (covid) , now I open it 😁😄",after so long not open this app since pkp covid now i open it,long not open app sinc pkp covid open,😄😁,neutral,MySejahtera,en
My Grab for the airport was good on the streets one charged me 100 for a 33 priced ride and when I was coming home the grab driver tried to charge me 150.00 for the same 33.00 ride 👎🏾,my grab for the airport was good on the streets one charged me for a priced ride and when i was coming home the grab driver tried to charge me for the same ride,grab airport good street one charg price ride come home grab driver tri charg ride,👎🏾,negative,Grab,en
"Apps buffering took a shorter time before BUDI95, please look into this as it really affects payment speed.",apps buffering took a shorter time before budi please look into this as it really affects payment speed,app buffer took shorter time budi pleas look realli affect payment speed,,negative,Touch n Go eWallet,en
wow it's very nice 👍,wow its very nice,wow nice,👍,positive,Grab,en
"Grab sekarang banyak mahallllllll gile,,dia masih jauh pun dia ambik,,nnti kalau dah tak ada penumpang cam texi baru tau",grab sekarang banyak mahal giledia masih jauh pun dia ambiknnti kalau dah tak ada penumpang cam texi baru tau,grab mahal giledia ambiknnti dah tak tumpang cam texi tau,,neutral,Grab,ms
over all the service was fine until it came into a refund issue it has been one weeks almost two weeks and still amount money inside my account still remain the same,over all the service was fine until it came into a refund issue it has been one weeks almost two weeks and still amount money inside my account still remain the same,servic fine came refund issu one week almost two week still amount money insid account still remain,,negative,Touch n Go eWallet,en
kenapa makin lama makin slow server dia,kenapa makin lama makin slow server dia,slow server,,negative,Touch n Go eWallet,en
kat bahagian mana yg sijil vaksin ni..cari tak jumpa,kat bahagian mana yg sijil vaksin nicari tak jumpa,kat bahagian yg sijil vaksin nicari tak jumpa,,negative,MySejahtera,ms
So easy for me,so easy for me,easi,,positive,Touch n Go eWallet,en
"I love the new look, but only downside im no longer able to print 3 vaccine cert on same page like before.. I'm looking forward to bringing that back.. please be able to verify the dependent because several son take care of their parents",i love the new look but only downside im no longer able to print vaccine cert on same page like before im looking forward to bringing that back please be able to verify the dependent because several son take care of their parents,love new look downsid im no longer abl print vaccin cert page like im look forward bring back pleas abl verifi depend sever son take care parent,,positive,MySejahtera,en
"The app keeps telling I'm offline when I'm using mobile data, but it works fine when I'm using wifi…… please fix this……",the app keeps telling im offline when im using mobile data but it works fine when im using wifi…… please fix this……,app keep tell im offlin im use mobil data work fine im use pleas fix,,negative,MySejahtera,en
"Macam mana nak guna helpdesk ni ? Saya mahukan sijil vaksinasi secepat mungkin tapi sistem ini sangat susah , tolong segera saya sangat memerluka ,terima kasih",macam mana nak guna helpdesk ni saya mahukan sijil vaksinasi secepat mungkin tapi sistem ini sangat susah tolong segera saya sangat memerluka terima kasih,nak helpdesk mahukan sijil vaksinasi cepat sistem susah tolong luka terima kasih,,neutral,MySejahtera,ms
"kenapa saya nak login ACC saya tidak dapat, dia nyatakan permintaan anda tidak berjaya.",kenapa saya nak login acc saya tidak dapat dia nyatakan permintaan anda tidak berjaya,nak login acc tidak nyata minta tidak jaya,,negative,Touch n Go eWallet,ms
grab terbaik dalam keadaan saya takde duit saya boleh naik grab dangan bayaran grabpay latter.. terimakasih grab mudahkan keadaan saya,grab terbaik dalam keadaan saya takde duit saya boleh naik grab dangan bayaran grabpay latter terimakasih grab mudahkan keadaan saya,grab baik takde duit grab dang bayar grabpay latter terimakasih grab mudah,,positive,Grab,ms
The driver is very nice and polite. Highly recommended.,the driver is very nice and polite highly recommended,driver nice polit high recommend,,positive,Grab,en
latest update theres no card optional to topup.. very difficult to topup card.. give us back button card infront UI,latest update theres no card optional to topup very difficult to topup card give us back button card infront ui,latest updat there no card option topup difficult topup card give us back button card infront ui,,negative,Touch n Go eWallet,en
"ia akan lebih baik bila mana semua qr duitnow boleh di scan utk buat pembayaran.. kadang ada yg boleh, kadang tak boleh..",ia akan lebih baik bila mana semua qr duitnow boleh di scan utk buat pembayaran kadang ada yg boleh kadang tak boleh,qr duitnow scan utk pembayaran kadang yg kadang tak,,neutral,Touch n Go eWallet,en
정확한 지도표시가 잘안되어 안타깝습니다,정확한 지도표시가 잘안되어 안타깝습니다,정확한 지도표시가 잘안되어 안타깝습니다,,positive,Grab,en
Saya tidak dapat update status risiko convid sebab itu saya tidak dibenarkan masuk kerja. Apa perlu saya buat?,saya tidak dapat update status risiko convid sebab itu saya tidak dibenarkan masuk kerja apa perlu saya buat,tidak update status risiko convid tidak benar,,neutral,MySejahtera,ms
"kurang bgt, malah ngasih driver yang masih ada orderan, redup aja redup",kurang bgt malah ngasih driver yang masih ada orderan redup aja redup,bgt ngasih driver orderan redup aja redup,,neutral,Grab,en
Keep fighting dignity,keep fighting dignity,keep fighting dignity,,neutral,MySejahtera,ms
it's rather unfriendly,its rather unfriendly,rather unfriend,,neutral,Touch n Go eWallet,en
tolonglah time xda cash .harap duit dlm tng saja. masa 2 pulak akaun secure ntah ap lh......x bleh guna sma sekali......rasa mcm nak memaki smpi nenek moyang tng.....geram nya ak.....,tolonglah time xda cash harap duit dlm tng saja masa pulak akaun secure ntah ap lhx bleh guna sma sekalirasa mcm nak memaki smpi nenek moyang tnggeram nya ak,tolong time xda cash harap duit dlm tng pulak akaun secure ntah ap lhx bleh sma sekalirasa mcm nak maki smpi nenek moyang tnggeram ak,,negative,Touch n Go eWallet,ms
tgah bukak app.. tetiba app log out.. dah kenapa.. app my sejahtera ni.. sblom ni okay je. Minta perbaiki pengurusan app my sejahtera ni.. jgn menyusahkan rakyat bila khidmat ni diperlukan.. chooii !! 😤🤬😡,tgah bukak app tetiba app log out dah kenapa app my sejahtera ni sblom ni okay je minta perbaiki pengurusan app my sejahtera ni jgn menyusahkan rakyat bila khidmat ni diperlukan chooii,tgah bukak app tetiba app log dah app sejahtera sblom okay baik urus app sejahtera jgn susah rakyat khidmat chooii,🤬😤😡,negative,MySejahtera,ms
Go+ untuk warganegara saja Sye nk tapi tak boleh,go untuk warganegara saja sye nk tapi tak boleh,go warganegara sye nk tak,,neutral,Touch n Go eWallet,ms
useless when emergency,useless when emergency,useless emerg,,negative,Grab,en
sangat tepati masa,sangat tepati masa,tepat,,positive,Grab,ms
x boleh bayar bil elektrik dan banyak pulak iklan,x boleh bayar bil elektrik dan banyak pulak iklan,bayar bil elektrik pulak iklan,,negative,Touch n Go eWallet,ms
knp ya tng sekarang semakin slow,knp ya tng sekarang semakin slow,knp tng slow,,neutral,Touch n Go eWallet,ms
Akaun tng saya kene rm5k abis ilang,akaun tng saya kene rm k abis ilang,akaun tng kene rm abis ilang,,negative,Touch n Go eWallet,ms
"Tak cerdik punya developer applikasi ni...nak topup kad tng pun payah nak cari feature tu. Jual kad RFID, tadi nak topup dgn apps pun sukar.",tak cerdik punya developer applikasi ninak topup kad tng pun payah nak cari feature tu jual kad rfid tadi nak topup dgn apps pun sukar,tak cerdik develop applikasi ninak topup kad tng payah nak cari featur jual kad rfid nak topup dgn app sukar,,negative,Touch n Go eWallet,en
rekod vaksin saya tidak dapat di buka.. terlupa kata laluan,rekod vaksin saya tidak dapat di buka terlupa kata laluan,rekod vaksin tidak buka lupa lalu,,negative,MySejahtera,ms
This app helping not much,this app helping not much,app help not much,,neutral,Grab,en
always crash on my device poco c65... happened for a few days already... before this just normal,always crash on my device poco c happened for a few days already before this just normal,alway crash devic poco happen day alreadi normal,,neutral,Touch n Go eWallet,en
sudah tiada grab coin kah percuma bayar grab coin bodoh percuma aku active grab coin tapi bila diguna langsung tidak ada grab coin,sudah tiada grab coin kah percuma bayar grab coin bodoh percuma aku active grab coin tapi bila diguna langsung tidak ada grab coin,tiada grab coin kah bayar grab coin bodoh active grab coin guna tidak grab coin,,negative,Grab,ms
"mudah, cepat n memuaskan",mudah cepat n memuaskan,mudah cepat muas,,positive,Grab,ms
simple n easy,simple n easy,simpl easi,,positive,Touch n Go eWallet,en
pening lagy untuk menggunakan kemudahan touch NGO terbaru,pening lagy untuk menggunakan kemudahan touch ngo terbaru,pening lagy mudah touch ngo baru,,neutral,Touch n Go eWallet,ms
blood type and number of blood donation records missing,blood type and number of blood donation records missing,blood type number blood donat record miss,,neutral,MySejahtera,en
Search for biller e.g. Celcom very slow,search for biller eg celcom very slow,search biller eg celcom slow,,neutral,Touch n Go eWallet,en
Semua driver jauh,semua driver jauh,driver,,negative,Grab,ms
"love almost everything in it except the point and the reward, they should make that the point didn't get expired because the reward here is not good and the point need for that is quite high",love almost everything in it except the point and the reward they should make that the point didnt get expired because the reward here is not good and the point need for that is quite high,love almost everyth except point reward make point didnt get expir reward not good point need quit high,,positive,Touch n Go eWallet,en
"pretty good overall, but had 3 drivers in a row cancel this morning. also, the actual time until the drive shows up is regularly 2x as long as the estimate shown initially.",pretty good overall but had drivers in a row cancel this morning also the actual time until the drive shows up is regularly x as long as the estimate shown initially,pretti good overal driver row cancel morn also actual time drive show regular long estim shown initi,,positive,Grab,en
Terima kasih servis yang baik,terima kasih servis yang baik,terima kasih servis,,positive,Grab,ms
Saya tidak boleh menggunakan aplikasi ini,saya tidak boleh menggunakan aplikasi ini,tidak aplikasi,,neutral,Touch n Go eWallet,ms
Implementation of budi and mykasih is good,implementation of budi and mykasih is good,implement budi mykasih good,,positive,Touch n Go eWallet,en
"Very Useful for delivery of food. Very affordable. Can you please, put how many kilometers from the place where we will order to our place next time? Cause it's hard to determine where the nearest to our place.",very useful for delivery of food very affordable can you please put how many kilometers from the place where we will order to our place next time cause its hard to determine where the nearest to our place,use deliveri food afford pleas put mani kilomet place order place next time caus hard determin nearest place,,positive,Grab,en
menstabilkan kesihatan terbaik.,menstabilkan kesihatan terbaik,stabil kesihatan baik,,positive,MySejahtera,ms
kemaskini de email bahru.,kemaskini de email bahru,kemaskini de email bahru,,neutral,Touch n Go eWallet,ms
app terbaik👍memudahkan rakyat malaysia,app terbaikmemudahkan rakyat malaysia,app terbaikmemudahkan rakyat malaysia,👍,positive,Touch n Go eWallet,ms
kenapa tak boleh tukar nama akaun tng wallet?,kenapa tak boleh tukar nama akaun tng wallet,tak tukar nama akaun tng wallet,,neutral,Touch n Go eWallet,ms
"Driver and food were fine, but Grab's system is a joke. Why route my order to Parada when there are closer Chooks-to-Go branches in Paso and Poblacion? Your broken algorithm forced an absurd 45-minute wait time for pre-cooked liempo that just needs chopping. Worst of all, you charged a ridiculous ₱81 delivery fee on a ₱290 order—a 30% markup! Premium fees for garbage logistics. Fix your app!",driver and food were fine but grabs system is a joke why route my order to parada when there are closer chookstogo branches in paso and poblacion your broken algorithm forced an absurd minute wait time for precooked liempo that just needs chopping worst of all you charged a ridiculous ₱ delivery fee on a ₱ order—a markup premium fees for garbage logistics fix your app,driver food fine grab system joke rout order parada closer chookstogo branch paso poblacion broken algorithm forc absurd minut wait time precook liempo need chop worst charg ridicul deliveri fee order markup premium fee garbag logist fix app,,negative,Grab,en
Perkhidmatan yg cepat,perkhidmatan yg cepat,khidmat yg cepat,,positive,Grab,ms
"i like this app, easy and useful",i like this app easy and useful,like app easi use,,positive,Touch n Go eWallet,en
"sebelum dh daftar. tp hp rosak. so , nak download di handphone baru , tak dapat pula. Tapi berjaya je daftar.",sebelum dh daftar tp hp rosak so nak download di handphone baru tak dapat pula tapi berjaya je daftar,dh daftar tp hp rosak nak download handphon tak berjaya daftar,,neutral,MySejahtera,en
penghantaran yang lambat 👎,penghantaran yang lambat,hantar lambat,👎,negative,Grab,ms
apps yg terbaik..,apps yg terbaik,apps yg baik,,positive,MySejahtera,ms
darkmode on chat still not fixed yet,darkmode on chat still not fixed yet,darkmod chat still not fix yet,,neutral,Grab,en
"i up 2 star because annoying promotion notification is not there anymore, thanks TnGo developer. It remains 3 star because new interface not really user friendly and loading favorite=>more took ages to load 😅...",i up star because annoying promotion notification is not there anymore thanks tngo developer it remains star because new interface not really user friendly and loading favoritemore took ages to load,star annoy promot notif not anymor thank tngo develop remain star new interfac not realli user friend load favoritemor took age load,😅,neutral,Touch n Go eWallet,en
Night shop still available for late order. Tq grab,night shop still available for late order tq grab,night shop still avail late order tq grab,,positive,Grab,en
"Grab is a very useful app for transportation and food delivery. The service is convenient, dependable, and makes daily activities much easier.",grab is a very useful app for transportation and food delivery the service is convenient dependable and makes daily activities much easier,grab use app transport food deliveri servic conveni depend make daili activ much easier,,positive,Grab,en
"terbaik lahh, memudahkan",terbaik lahh memudahkan,baik lahh mudah,,positive,Touch n Go eWallet,ms
Mallory awards 10 contributions.,mallory awards contributions,mallori award contribut,,positive,MySejahtera,en
Kita telah di perbodohkn oleh mereka..punca 22 bulan memerintah kerajaan gagal kawal Covid..bahkn ditipu vaksin utk mmbunuh manusia..vaksin xkn d cipta masa terdekat..Mereka Berkomplot mmbunuh rakyat,kita telah di perbodohkn oleh merekapunca bulan memerintah kerajaan gagal kawal covidbahkn ditipu vaksin utk mmbunuh manusiavaksin xkn d cipta masa terdekatmereka berkomplot mmbunuh rakyat,perbodohkn merekapunca memerintah kerajaan gagal kawal covidbahkn ditipu vaksin utk mmbunuh manusiavaksin xkn cipta terdekatmereka berkomplot mmbunuh rakyat,,neutral,MySejahtera,en
Boleh tak tambahkan maklumat suntikan typhoid dlm nie...susah la klo kena bwk kad jewrr...klo ade dlm mysejahtera lgy senang...,boleh tak tambahkan maklumat suntikan typhoid dlm niesusah la klo kena bwk kad jewrrklo ade dlm mysejahtera lgy senang,tak tambah maklumat sunti typhoid dlm niesusah la klo bwk kad jewrrklo ade dlm mysejahtera lgy senang,,neutral,MySejahtera,ms
"too many noti, separate it",too many noti separate it,many not separate,,neutral,Touch n Go eWallet,ms
"Saya booked dental appointment dalam apps mysejahtera tapi kenapa sejak minggu lepas asyik loading je page appointment tu? Appt saya tadi, takdapat saya nak tunjuk Dr saya dah booked appt. Untung saya dah screenshot siap siap",saya booked dental appointment dalam apps mysejahtera tapi kenapa sejak minggu lepas asyik loading je page appointment tu appt saya tadi takdapat saya nak tunjuk dr saya dah booked appt untung saya dah screenshot siap siap,book dental appoint app mysejahtera minggu lepa asyik load page appoint appt takdapat nak dr dah book appt untung dah screenshot,,neutral,MySejahtera,en
"Làm UX khó xài, nhiều menu ẩn. Muốn edit lại review chả biến lần vào đâu. Nói chung app ngu vkl",làm ux khó xài nhiều menu ẩn muốn edit lại review chả biến lần vào đâu nói chung app ngu vkl,làm ux khó xài nhiều menu ẩn muốn edit lại review chả biến lần vào đâu nói chung app ngu vkl,,neutral,Grab,en
kenapa tng jdi lmbt slow msuk adoi susah nk transfer tollng la baiki,kenapa tng jdi lmbt slow msuk adoi susah nk transfer tollng la baiki,tng jdi lmbt slow msuk adoi susah nk transfer tollng la baik,,negative,Touch n Go eWallet,ms
"ok mudah untuk membayar, duit pun cepat jer habis,",ok mudah untuk membayar duit pun cepat jer habis,ok mudah bayar duit cepat jer habis,,neutral,Touch n Go eWallet,ms
Screenshoot picture dan pindah ke duitnown juga tidak pernah digunakan ja lagi.,screenshoot picture dan pindah ke duitnown juga tidak pernah digunakan ja lagi,screenshoot picture pindah duitnown tidak ja,,neutral,Grab,ms
just got to use the application,just got to use the application,got use applic,,positive,Grab,en
auto reload no longer working...,auto reload no longer working,auto reload no longer work,,neutral,Touch n Go eWallet,en
pemanduan yg cemerlang,pemanduan yg cemerlang,pandu yg cemerlang,,positive,Grab,ms
Works perfectly for the Redmi A5. Thank you for fixing my problem!!,works perfectly for the redmi a thank you for fixing my problem,work perfect redmi thank fix problem,,positive,Touch n Go eWallet,en
terlalu bnyak kmudahan yg dsediakan di TNG ini..,terlalu bnyak kmudahan yg dsediakan di tng ini,bnyak kmudahan yg dsediakan tng,,neutral,Touch n Go eWallet,en
tak boleh tekan nama untuk buat temu janji 😑,tak boleh tekan nama untuk buat temu janji,tak tekan nama temu janji,😑,negative,MySejahtera,ms
good for e wallet,good for e wallet,good wallet,,positive,Touch n Go eWallet,en
X bagus 😓,x bagus,bagus,😓,negative,MySejahtera,ms
I reported to Grab a restaurant misleading customers by displaying a full-size pizza photo but delivering only 2 slices. Grab has allowed the restaurant to continue using the full-size pizza photo despite it being misleading.,i reported to grab a restaurant misleading customers by displaying a fullsize pizza photo but delivering only slices grab has allowed the restaurant to continue using the fullsize pizza photo despite it being misleading,report grab restaur mislead custom display fullsiz pizza photo deliv slice grab allow restaur continu use fullsiz pizza photo despit mislead,,negative,Grab,en
Location stalls quite often. But overall very good,location stalls quite often but overall very good,locat stall quit often overal good,,positive,Grab,en
kenapa buat pindahan duit ke bank 10 ringgit dipotong. pindah 30 masuk bank 20 jerr,kenapa buat pindahan duit ke bank ringgit dipotong pindah masuk bank jerr,pindah duit bank ringgit potong pindah bank jerr,,negative,Touch n Go eWallet,ms
apu... slow amat,apu slow amat,apu slow,,neutral,Touch n Go eWallet,ms
Why my username and password is correct but cannot login in due to invalid username and password?,why my username and password is correct but cannot login in due to invalid username and password,usernam password correct not login due invalid usernam password,,neutral,MySejahtera,en
Is the grab system down now ?,is the grab system down now,grab system,,neutral,Grab,en
"After my last complain about there is no available slot for dental check up for almost every month , the new update finally improve the app a little. However, when I try booking for appointment in the next 6 month - let's say for February 2026, there is no available slot even after I check for every date in February and even March. Hopefully this can be fixed too 😭",after my last complain about there is no available slot for dental check up for almost every month the new update finally improve the app a little however when i try booking for appointment in the next month lets say for february there is no available slot even after i check for every date in february and even march hopefully this can be fixed too,last complain no avail slot dental check almost everi month new updat final improv app littl howev tri book appoint next month let say februari no avail slot even check everi date februari even march hope fix,😭,neutral,MySejahtera,en
nice platform for taxi and food🙏🙏🤗,nice platform for taxi and food,nice platform taxi food,🙏🤗,positive,Grab,en
Napa mysejater skrg xfuntion buka keluar putih je ingtkn sbb fon wat dkt fon lain pn sma... Org lain nk daftar letak keputusan swep test pn sma kluar putih,napa mysejater skrg xfuntion buka keluar putih je ingtkn sbb fon wat dkt fon lain pn sma org lain nk daftar letak keputusan swep test pn sma kluar putih,napa mysejater skrg xfuntion buka putih ingtkn sbb fon wat dkt fon pn sma org nk daftar letak putus swep test pn sma kluar putih,,negative,MySejahtera,ms
"Touch 'n Go eWallet has made cashless payments so convenient in Malaysia! From paying tolls and parking to splitting bills and online shopping, it handles everything with ease. The GoPayLater and GoInvest features are excellent additions that make it more than just a payment app. Top-ups are instant and the cashback deals are genuinely great value!""",touch n go ewallet has made cashless payments so convenient in malaysia from paying tolls and parking to splitting bills and online shopping it handles everything with ease the gopaylater and goinvest features are excellent additions that make it more than just a payment app topups are instant and the cashback deals are genuinely great value,touch go ewallet made cashless payment conveni malaysia pay toll park split bill onlin shop handl everyth eas gopaylat goinvest featur excel addit make payment app topup instant cashback deal genuin great valu,,positive,Touch n Go eWallet,en
macam bodoh takleh login,macam bodoh takleh login,bodoh takleh login,,negative,MySejahtera,en
nipah virus coming.gotta download this app to prevent nipah virus,nipah virus cominggotta download this app to prevent nipah virus,nipah virus cominggotta download app prevent nipah virus,,positive,MySejahtera,en
"boleh tak jangan rompak duit orang, letak kat tempat aku tak boleh nak gune, boleh tak jangan letak duit aku kat go plus sampai aku tak boleh makan sebab insufficient fund, bukan semua orang kaye",boleh tak jangan rompak duit orang letak kat tempat aku tak boleh nak gune boleh tak jangan letak duit aku kat go plus sampai aku tak boleh makan sebab insufficient fund bukan semua orang kaye,tak jangan rompak duit letak kat tak nak gune tak jangan letak duit kat go plus tak makan insuffici fund bukan kay,,negative,Touch n Go eWallet,en
I can't open this app right now and I don't know why.. All my apps are updated automatically if needed to be updated.. But now..I really don't understand why I can't open this app 🤔,i cant open this app right now and i dont know why all my apps are updated automatically if needed to be updated but nowi really dont understand why i cant open this app,cant open app right dont know app updat automat need updat nowi realli dont understand cant open app,🤔,neutral,MySejahtera,en
i hate this because i wait so long to wait the driver accept my booking!!!!,i hate this because i wait so long to wait the driver accept my booking,hate wait long wait driver accept booking,,negative,Grab,ms
"𝑺𝒕𝒐𝒑 𝒖𝒑𝒅𝒂𝒕𝒆 𝒍𝒂𝒉, 𝒃𝒖𝒌𝒂𝒏 𝒅𝒊𝒈𝒖𝒏𝒂𝒌𝒂𝒏 𝒍𝒂𝒈𝒊 𝒔𝒆𝒌𝒂𝒓𝒂𝒏𝒈 😅",𝑺𝒕𝒐𝒑 𝒖𝒑𝒅𝒂𝒕𝒆 𝒍𝒂𝒉 𝒃𝒖𝒌𝒂𝒏 𝒅𝒊𝒈𝒖𝒏𝒂𝒌𝒂𝒏 𝒍𝒂𝒈𝒊 𝒔𝒆𝒌𝒂𝒓𝒂𝒏𝒈,,😅,neutral,MySejahtera,ms
skrang grab susah kan org.limpas dari jam 12 TGH malam dah tak boleh bayar cash.so kami yg tak ada bank online susah nak keluar sampai TGH malam.harap boleh d pertimbangkan lagi.,skrang grab susah kan orglimpas dari jam tgh malam dah tak boleh bayar cashso kami yg tak ada bank online susah nak keluar sampai tgh malamharap boleh d pertimbangkan lagi,skrang grab susah orglimpas jam tgh malam dah tak bayar cashso yg tak bank online susah nak tgh malamharap timbang,,negative,Grab,ms
Loading teruk nak buat appointment pun tak boleh,loading teruk nak buat appointment pun tak boleh,loading teruk nak appointment tak,,negative,MySejahtera,ms
Dah bnyk kali nak tekan kata laluan mesej tak sampai²,dah bnyk kali nak tekan kata laluan mesej tak sampai²,dah bnyk nak tekan lalu mesej tak,,negative,MySejahtera,ms
MCM mane nk masuk semula.. hari tu fon... Terus xboleh masuk semula,mcm mane nk masuk semula hari tu fon terus xboleh masuk semula,mcm mane nk fon xboleh,,neutral,MySejahtera,ms
"Its not bad at all. Very convinient. Just some little irritants. 1. Ads. I'm trying to pay right now, and I get pop ups and ads. Very counter intuitive to the design of the application. 2. Can be quite slow. Generally not a problem but is confounded by the ads.",its not bad at all very convinient just some little irritants ads im trying to pay right now and i get pop ups and ads very counter intuitive to the design of the application can be quite slow generally not a problem but is confounded by the ads,not bad convini littl irrit ad im tri pay right get pop up ad counter intuit design applic quit slow general not problem confound ad,,neutral,Touch n Go eWallet,en
tutup app MySejahtera,tutup app mysejahtera,tutup app mysejahtera,,positive,MySejahtera,ms
Tk boleh buka.. Beli sim baru.. Tpi nombor masih customer yang lama pakai.. Baik tk payah jual sim maxis ni.. Susahkan orang nk buka halaman ni.. Baik pakai celcom agi bagus,tk boleh buka beli sim baru tpi nombor masih customer yang lama pakai baik tk payah jual sim maxis ni susahkan orang nk buka halaman ni baik pakai celcom agi bagus,tk buka beli sim tpi nombor customer pakai tk payah jual sim maxis susah nk buka halaman pakai celcom agi bagus,,neutral,Grab,ms
Payment is smooth sailing. Feel safe only if it is really secured.,payment is smooth sailing feel safe only if it is really secured,payment smooth sail feel safe realli secur,,positive,Touch n Go eWallet,en
online topup wallet so slow,online topup wallet so slow,online topup wallet slow,,negative,Grab,ms
tak memuaskan hati saya tidak dapat buat loan apa yang nak masih lagi tak dapat,tak memuaskan hati saya tidak dapat buat loan apa yang nak masih lagi tak dapat,tak muas hati tidak loan nak tak,,negative,Grab,ms
"“The app is simple to use and provides a smooth payment experience with good security features. It also supports QR payments, making transactions quicker and more efficient in daily life.”",“the app is simple to use and provides a smooth payment experience with good security features it also supports qr payments making transactions quicker and more efficient in daily life”,app simpl use provid smooth payment experi good secur featur also support qr payment make transact quicker effici daili life,,positive,Touch n Go eWallet,en
pay through online not activated because use grab pay ewallet,pay through online not activated because use grab pay ewallet,pay onlin not activ use grab pay ewallet,,neutral,Grab,en
After I got the app back I don't know where to upload and update my covid test..... Someone please help me n show me thanks,after i got the app back i dont know where to upload and update my covid test someone please help me n show me thanks,got app back dont know upload updat covid test someon pleas help show thank,,neutral,MySejahtera,en
saya guna Oppo a93. selepas update terkini. app crash. hang. jadi black screen.,saya guna oppo a selepas update terkini app crash hang jadi black screen,oppo selepa updat terkini app crash hang black screen,,neutral,MySejahtera,en
"Tutup je lah Apps nie,nak Login pun payah",tutup je lah apps nienak login pun payah,tutup apps nienak login payah,,negative,Grab,ms
"recent update put useful mini apps to dormant. change of UI and buttons not for ease of usage but to force as much ads as possible to users. the TnG card button is no where to be found, probably hidden somewhere, thou can still be viewed with search bar. worst UI development team ever, you need to get them replaced.",recent update put useful mini apps to dormant change of ui and buttons not for ease of usage but to force as much ads as possible to users the tng card button is no where to be found probably hidden somewhere thou can still be viewed with search bar worst ui development team ever you need to get them replaced,recent updat put use mini app dormant chang ui button not eas usag forc much ad possibl user tng card button no found probabl hidden somewher thou still view search bar worst ui develop team ever need get replac,,negative,Touch n Go eWallet,en
Selamat berinstall kembali semua,selamat berinstall kembali semua,selamat berinstal,,positive,MySejahtera,en
"it's quite good BUT make sure you select card before your first journey, otherwise there's no way to change once you start and you can get caught out, which is a stupid design",its quite good but make sure you select card before your first journey otherwise theres no way to change once you start and you can get caught out which is a stupid design,quit good make sure select card first journey otherwis there no way chang start get caught stupid design,,neutral,Grab,en
jangan teraniaya sudah,jangan teraniaya sudah,jangan aniaya,,neutral,Touch n Go eWallet,ms
daftar dengan ID KTP indonesia mengapa tidak bisa selalu berulang dengan sahkan akun,daftar dengan id ktp indonesia mengapa tidak bisa selalu berulang dengan sahkan akun,daftar id ktp indonesia tidak ulang sahkan akun,,negative,Touch n Go eWallet,ms
Gets a new apps. ..,gets a new apps,get new app,,positive,MySejahtera,en
aritu ada untuk tengok bilangan Blood Donor .. sekarang dah xde. kenapaaa ??,aritu ada untuk tengok bilangan blood donor sekarang dah xde kenapa,aritu tengok bilangan blood donor dah xde,,neutral,MySejahtera,en
memudahkan urusan kewangan dalam perbelanjaan,memudahkan urusan kewangan dalam perbelanjaan,mudah urus wang belanja,,positive,Touch n Go eWallet,ms
Appointment option x function. loading all the time,appointment option x function loading all the time,appoint option function load time,,negative,MySejahtera,en
"A+Rewards can't purchase the vouchers with pop up T& C error issue like Reload Pin vouchers and Taobao vouchers from last night until now still not solved yet. Recently, A+ Reward purchase vouchers payment system also usually failed pop up E Wall payment method error. Why the Technical Support of the system can't detect the problems immediately and solved it immediately? poor support",arewards cant purchase the vouchers with pop up t c error issue like reload pin vouchers and taobao vouchers from last night until now still not solved yet recently a reward purchase vouchers payment system also usually failed pop up e wall payment method error why the technical support of the system cant detect the problems immediately and solved it immediately poor support,areward cant purchas voucher pop error issu like reload pin voucher taobao voucher last night still not solv yet recent reward purchas voucher payment system also usual fail pop wall payment method error technic support system cant detect problem immedi solv immedi poor support,,negative,Touch n Go eWallet,en
Excellent and very helpful for the new traveller's who need guidance,excellent and very helpful for the new travellers who need guidance,excel help new travel need guidanc,,positive,Grab,en
ok ok ok rm50. (rm49.50!),ok ok ok rm rm,ok ok ok rm rm,,positive,Touch n Go eWallet,en
Aplikasi ini sangat berguna untuk membuat temu janji di hospital yang berdekatan.,aplikasi ini sangat berguna untuk membuat temu janji di hospital yang berdekatan,aplikasi berguna temu janji hospit berdekatan,,positive,MySejahtera,en
"baru update apps ni, tpi makin pening, skrg mmg dh x boleh top up card tngo guna nfc ke mcm mne, sbb dh xde button utk card tngo tu",baru update apps ni tpi makin pening skrg mmg dh x boleh top up card tngo guna nfc ke mcm mne sbb dh xde button utk card tngo tu,updat app tpi pene skrg mmg dh top card tngo nfc mcm mne sbb dh xde button utk card tngo,,negative,Touch n Go eWallet,en
"Kalau ada penunjuk SETIAP TRANSAKSI baki sebelum, jumlah pembayaran dan baki semasa",kalau ada penunjuk setiap transaksi baki sebelum jumlah pembayaran dan baki semasa,penunjuk transaksi baki pembayaran baki,,neutral,Touch n Go eWallet,en
"lotteria cancels on me and the app wont give me my voucher back, so yeah",lotteria cancels on me and the app wont give me my voucher back so yeah,lotteria cancel app wont give voucher back yeah,,neutral,Grab,en
Maklumat kewangan aku..apakah kamu tahu mygov..?tanya dahulu itu lebih baik.dari pada mengambil keputusan tanpa persetujuan hak hidup sebagai manusia..,maklumat kewangan akuapakah kamu tahu mygovtanya dahulu itu lebih baikdari pada mengambil keputusan tanpa persetujuan hak hidup sebagai manusia,maklumat wang akuapakah mygovtanya baikdari ambil putus tanpa tuju hak hidup manusia,,positive,MySejahtera,ms
Kemaskini sistem bahasa kebangsaan negaraku,kemaskini sistem bahasa kebangsaan negaraku,kemaskini sistem bahasa bangsa negara,,neutral,MySejahtera,ms
Ermmm susah sa mo kumen klu ini..😔,erm susah sa mo kumen klu ini,erm susah sa mo kumen klu,😔,neutral,MySejahtera,ms
"panggil saya book appointment,tapi hari2 tak ada slot",panggil saya book appointmenttapi hari tak ada slot,panggil book appointmenttapi tak slot,,negative,MySejahtera,en
"Getting better, good job well done!! Software Engineer",getting better good job well done software engineer,get better good job well done softwar engin,,neutral,Touch n Go eWallet,en
tolong di review lagi app nya. makin ke sini makin kurang oke. dapat driver lokasi jauh banget dari titik penjemputan jadi tunggu lama dan kasian drivernya juga ongkos bensin buat narik makin banyak.,tolong di review lagi app nya makin ke sini makin kurang oke dapat driver lokasi jauh banget dari titik penjemputan jadi tunggu lama dan kasian drivernya juga ongkos bensin buat narik makin banyak,tolong review app oke driver lokasi banget titik penjemputan tunggu kasian drivernya ongko bensin narik,,negative,Grab,en
vaksin sy sini keluar satu ja,vaksin sy sini keluar satu ja,vaksin sy ja,,negative,MySejahtera,ms
kenapa selepas update jadi lama bila buka.. terlalu lama loading.. dan sangat berat,kenapa selepas update jadi lama bila buka terlalu lama loading dan sangat berat,lepas update buka loading berat,,neutral,Touch n Go eWallet,ms
"The recent update makes it less convenient to view my eWallet balance. The app now prominently displays total assets across all TNG financial products, which may be useful for some users but is unnecessary for those who primarily use the app as an e-wallet. I preferred the previous interface, where the Wallet balance was shown by default and total assets were available under GoFinance. Please consider restoring this option to improve usability and privacy.",the recent update makes it less convenient to view my ewallet balance the app now prominently displays total assets across all tng financial products which may be useful for some users but is unnecessary for those who primarily use the app as an ewallet i preferred the previous interface where the wallet balance was shown by default and total assets were available under gofinance please consider restoring this option to improve usability and privacy,recent updat make less conveni view ewallet balanc app promin display total asset across tng financi product may use user unnecessari primarili use app ewallet prefer previous interfac wallet balanc shown default total asset avail gofin pleas consid restor option improv usabl privaci,,negative,Touch n Go eWallet,en
Selalu berubah ubah kereta. Sepatutnya 1 warna sudah memadai,selalu berubah ubah kereta sepatutnya warna sudah memadai,ubah ubah kereta patut warna pada,,neutral,Grab,ms
The old UI was more seamless with nested transport types under one. whoever made this change to separate tuktuk from car is just silly and is why I am reducing to 4 star. otherwise happy with the service.,the old ui was more seamless with nested transport types under one whoever made this change to separate tuktuk from car is just silly and is why i am reducing to star otherwise happy with the service,old ui seamless nest transport type one whoever made chang separ tuktuk car silli reduc star otherwis happi servic,,positive,Grab,en
"Recently after updated, the fixed notification for MySJ Trace always appeared even though I don't turn it on. Please fix this.. Thanks",recently after updated the fixed notification for mysj trace always appeared even though i dont turn it on please fix this thanks,recent updat fix notif mysj trace alway appear even though dont turn pleas fix thank,,negative,MySejahtera,en
sedih nya..dh kemaskini terus ada masalah ..sebelum kemas kini ok ja tng ni..,sedih nyadh kemaskini terus ada masalah sebelum kemas kini ok ja tng ni,sedih nyadh kemaskini kemas ok ja tng,,negative,Touch n Go eWallet,ms
Sangat sangat baik terima kasih..,sangat sangat baik terima kasih,terima kasih,,positive,Grab,ms
wai sedikan pin grab lah AP lah. tetap jugak salah apa erk. tangan aku salah typ ke apa sampai sebulan aku tk leh login ke acc aku,wai sedikan pin grab lah ap lah tetap jugak salah apa erk tangan aku salah typ ke apa sampai sebulan aku tk leh login ke acc aku,wai dik pin grab ap jugak salah erk tangan salah typ bulan tk leh login acc,,negative,Grab,ms
all utilities bills payment in 1 app,all utilities bills payment in app,util bill payment app,,positive,Touch n Go eWallet,en
why didn't have touch n go payment?,why didnt have touch n go payment,didnt touch go payment,,neutral,Grab,en
"setakat 4 tahun saya guna, tak ade lagi masalah yang saya hadapi. cara nak guna mudah tapi untuk sesetangah orang mungkin susah sikit tapi untuk saya, semuanya Oke je.",setakat tahun saya guna tak ade lagi masalah yang saya hadapi cara nak guna mudah tapi untuk sesetangah orang mungkin susah sikit tapi untuk saya semuanya oke je,setakat tahun tak ade hadapi nak mudah sesetangah susah sikit oke,,positive,MySejahtera,en
"Horrible cs whatsapp for go invest principal, ending chat without follow up email | Always have scammy programs like Buzz that loves rugpull",horrible cs whatsapp for go invest principal ending chat without follow up email always have scammy programs like buzz that loves rugpull,horribl cs whatsapp go invest princip end chat without follow email alway scammi program like buzz love rugpul,,negative,Touch n Go eWallet,en
"Baru download app ni..blm try lgi,tpi klu app ni btl2 mmbantu n mmudahkan,nnti bru tmbah 1 star lgi.",baru download app niblm try lgitpi klu app ni btl mmbantu n mmudahkannnti bru tmbah star lgi,download app niblm try lgitpi klu app btl mmbantu mmudahkannnti bru tmbah star lgi,,positive,Touch n Go eWallet,ms
i hope my past vaccine cert will appear in new my sejahtera.,i hope my past vaccine cert will appear in new my sejahtera,hope past vaccin cert appear new sejahtera,,positive,MySejahtera,en
mudah dn menjimatkan masa,mudah dn menjimatkan masa,mudah dn jimat,,neutral,Touch n Go eWallet,ms
Alhamdulillah mudahkan urusan,alhamdulillah mudahkan urusan,alhamdulillah mudah urus,,positive,Touch n Go eWallet,ms
"my account SUSPENDED , cannot open . my balance got in there",my account suspended cannot open my balance got in there,account suspend not open balanc got,,neutral,Touch n Go eWallet,en
since last two so difficult to use TnG. The system is to slow when try to do a payment. Sometimes can't enter at all!!!!!,since last two so difficult to use tng the system is to slow when try to do a payment sometimes cant enter at all,sinc last two difficult use tng system slow tri payment sometim cant enter,,negative,Touch n Go eWallet,en
"it is not even raining and yet, Grab says it is and charges me more than double.",it is not even raining and yet grab says it is and charges me more than double,not even rain yet grab say charg doubl,,neutral,Grab,en
saya tidak bisa masuk ewalet saya tolong di perbaiki,saya tidak bisa masuk ewalet saya tolong di perbaiki,tidak ewalet tolong baik,,neutral,Touch n Go eWallet,ms
So many terrible drivers,so many terrible drivers,mani terribl driver,,negative,Grab,en
"acc sy tak boleh log in kenape yer, sy terlupe no pin & password tapi dah ikot arahan diberi tapi still tak boleh, dia kata ""ada yg tak kena"" ape perlu sy buat untuk dapatkan semula acc sy",acc sy tak boleh log in kenape yer sy terlupe no pin password tapi dah ikot arahan diberi tapi still tak boleh dia kata ada yg tak kena ape perlu sy buat untuk dapatkan semula acc sy,acc sy tak log kenape yer sy terlupe no pin password dah ikot arah still tak yg tak ape sy dapat acc sy,,negative,Touch n Go eWallet,ms
"stupid your app, no guarantee for lower price, just greedy people",stupid your app no guarantee for lower price just greedy people,stupid app no guarante lower price greedi peopl,,negative,Grab,en
"Please provide the option of reverting to the previous option, because there's a function available in the old, but no longer available now.",please provide the option of reverting to the previous option because theres a function available in the old but no longer available now,pleas provid option revert previous option there function avail old no longer avail,,neutral,MySejahtera,en
"password aku dah tulis betul tiba² dia cakap salah, tak pasal² kena tukar password dengan tunggu 3 jam",password aku dah tulis betul tiba² dia cakap salah tak pasal² kena tukar password dengan tunggu jam,password dah tulis cakap salah tak tukar password tunggu jam,,negative,Touch n Go eWallet,ms
"terbaik ..setakat ini, naik taraf lagi pada masa-² hadapan.very good, E'wallet digital..",terbaik setakat ini naik taraf lagi pada masa² hadapanvery good ewallet digital,baik takat taraf hadapanvery good ewallet digital,,positive,Touch n Go eWallet,ms
the app is good but i dont know how to update covid test status,the app is good but i dont know how to update covid test status,app good dont know updat covid test status,,positive,MySejahtera,en
"Apps are great to use, but for grab rides, some pickup points in Singapore for example new estates like Tengah, is very confusing for drivers and/or passengers. It would be great if the company could train or update their maps drivers/riders use. this is so that they would know where to go to.",apps are great to use but for grab rides some pickup points in singapore for example new estates like tengah is very confusing for drivers andor passengers it would be great if the company could train or update their maps driversriders use this is so that they would know where to go to,app great use grab ride pickup point singapor exampl new estat like tengah confus driver andor passeng would great compani could train updat map driversrid use would know go,,neutral,Grab,en
nice apps. easy to use. easy to book a car and fast service.,nice apps easy to use easy to book a car and fast service,nice app easi use easi book car fast servic,,positive,Grab,en
WOW. AWESOME MYSEJAHTERA APP JUST GOT UPDATED WITH FUTURISTIC HIGH-TECH LOOKING!,wow awesome mysejahtera app just got updated with futuristic hightech looking,wow awesom mysejahtera app got updat futurist hightech look,,positive,MySejahtera,en
kenapa bahagian health card jadi kosong? padahal ada rekod derma darah sebelum ini.,kenapa bahagian health card jadi kosong padahal ada rekod derma darah sebelum ini,bahagian health card kosong rekod derma darah,,neutral,MySejahtera,en
"since last 2 month , loading of app to scan to pay getting lagging. whereas Maybank QR Pay instantly can scan.",since last month loading of app to scan to pay getting lagging whereas maybank qr pay instantly can scan,sinc last month load app scan pay get lag wherea maybank qr pay instant scan,,neutral,Touch n Go eWallet,en
"I hope Grab team can consider allowing small dogs like toy poodles in standard Grab cars, as long as they are properly contained (carrier or seat cover). GrabPet seems more suitable for large dogs, and the fare can be too high for small, well-behaved pets. This change would make trips more affordable and convenient for pet owners while still respecting drivers. Or maybe add GrabPet for 4-seater :)",i hope grab team can consider allowing small dogs like toy poodles in standard grab cars as long as they are properly contained carrier or seat cover grabpet seems more suitable for large dogs and the fare can be too high for small wellbehaved pets this change would make trips more affordable and convenient for pet owners while still respecting drivers or maybe add grabpet for seater,hope grab team consid allow small dog like toy poodl standard grab car long proper contain carrier seat cover grabpet seem suitabl larg dog fare high small wellbehav pet chang would make trip afford conveni pet owner still respect driver mayb add grabpet seater,,positive,Grab,en
"dah makin laju dh, dulu asyik lag jer... kalau boleh buat la redeem coin tu setiap hari tknak voucher, better coin boleh kumpul 😁",dah makin laju dh dulu asyik lag jer kalau boleh buat la redeem coin tu setiap hari tknak voucher better coin boleh kumpul,dah laju dh asyik lag jer la redeem coin tknak voucher better coin kumpul,😁,positive,Touch n Go eWallet,en
senang membuat pembayaran,senang membuat pembayaran,senang bayar,,positive,Touch n Go eWallet,ms
"Salam, harap boleh tmbah fungsi rekod derma darah. T.kasih",salam harap boleh tmbah fungsi rekod derma darah tkasih,harap tmbah fungsi rekod derma darah tkasih,,positive,MySejahtera,en
mudah dah sekarang guna mysejahtera....,mudah dah sekarang guna mysejahtera,mudah dah mysejahtera,,positive,MySejahtera,ms
susah babi mw book,susah babi mw book,susah babi mw book,,neutral,Grab,en
"Delivery Man do not carry any changes with them, But service is good.",delivery man do not carry any changes with them but service is good,deliveri man not carri chang servic good,,neutral,Grab,en
pin lokasi tidak tepat Jln Dtk Ajibah Abol,pin lokasi tidak tepat jln dtk ajibah abol,pin lokasi tidak jln dtk ajibah abol,,negative,Grab,ms
"i have to update the app when i really have to go somewhere, and it took so long. pls gave choice to update it sometime later",i have to update the app when i really have to go somewhere and it took so long pls gave choice to update it sometime later,updat app realli go somewher took long pls gave choic updat sometim later,,neutral,Grab,en
Grab app is good but i have issue with sale debit eventhough i have not use the debit card anymore. i use grab wallet.. please fix it ...,grab app is good but i have issue with sale debit eventhough i have not use the debit card anymore i use grab wallet please fix it,grab app good issue sale debit eventhough not use debit card anymore use grab wallet please fix,,neutral,Grab,ms
terbaik tapi bagi la bonus ke,terbaik tapi bagi la bonus ke,baik la bonus,,positive,Touch n Go eWallet,ms
"I cannot make an appointment. The webpage always on loading. Even after updating the new version within this week, still back to the loading page.",i cannot make an appointment the webpage always on loading even after updating the new version within this week still back to the loading page,not make appoint webpag alway load even updat new version within week still back load page,,negative,MySejahtera,en
Awful. Next available slots for outpatient treatment is 1 month away. Good luck if you are sick or in pain. Brainless system. For whom is this system created for anyway? Fortune tellers who are able to predict their illness one month in advance?!,awful next available slots for outpatient treatment is month away good luck if you are sick or in pain brainless system for whom is this system created for anyway fortune tellers who are able to predict their illness one month in advance,aw next avail slot outpati treatment month away good luck sick pain brainless system system creat anyway fortun teller abl predict ill one month advanc,,negative,MySejahtera,en
"Kenapa setiap kali saya nak login semula , mesti invalid user id or password.. sedangkan password saya betul",kenapa setiap kali saya nak login semula mesti invalid user id or password sedangkan password saya betul,nak login mesti invalid user id password password,,negative,MySejahtera,en
latest update worst,latest update worst,latest updat worst,,negative,Touch n Go eWallet,en
tng tusah betul nak pindah kan dari hp lma ke hp bru...kalau bolh jangn lh guna nbe pin log in..scam muka dan ic pun dah cukup untuk bukti yg kita ni bukan orng lain nak log in..,tng tusah betul nak pindah kan dari hp lma ke hp brukalau bolh jangn lh guna nbe pin log inscam muka dan ic pun dah cukup untuk bukti yg kita ni bukan orng lain nak log in,tng tusah nak pindah hp lma hp brukalau bolh jangn lh nbe pin log inscam muka ic dah bukti yg bukan orng nak log,,negative,Touch n Go eWallet,ms
face recognition very unreliable,face recognition very unreliable,face recognit unreli,,neutral,Touch n Go eWallet,en
bila pakai my id kene berulang ulang masuk pasword strees hari ni temu janji tapi xboleh buka,bila pakai my id kene berulang ulang masuk pasword strees hari ni temu janji tapi xboleh buka,pakai id kene ulang ulang pasword strees temu janji xboleh buka,,negative,MySejahtera,ms
Saya suka Dan mudah untuk saya membuat tarnsaksi❤️❤️,saya suka dan mudah untuk saya membuat tarnsaksi,suka mudah tarnsaksi,❤️,positive,Touch n Go eWallet,en
data rakyat dijual LOL,data rakyat dijual lol,data rakyat jual lol,,negative,MySejahtera,ms
saya penah guna ewallet tapi dah lama x buka bila nak buka balik nombor telifon dah bertukar jadi x lepas buat macam mana buat ya,saya penah guna ewallet tapi dah lama x buka bila nak buka balik nombor telifon dah bertukar jadi x lepas buat macam mana buat ya,penah ewallet dah buka nak buka nombor telifon dah tukar lepas,,negative,Touch n Go eWallet,ms
user friendly n helpful,user friendly n helpful,user friend help,,positive,MySejahtera,en
Sangat bagus dan membantu .✍️,sangat bagus dan membantu,bagus bantu,✍️,positive,MySejahtera,ms
sy dh daftar lepas tu bila nk buka x boleh,sy dh daftar lepas tu bila nk buka x boleh,sy dh daftar lepas nk buka,,negative,Touch n Go eWallet,ms
"Not particularly great at food delivery. Very often the driver picks up multiple orders ""to increase efficiency"". The ""efficiency"" may be good for Grab; for you it means they drive around with your food in a bag for longer than 20 minutes. Not a problem if you don't mind cold food. Edit: Grab has discovered spam. Minus another star.",not particularly great at food delivery very often the driver picks up multiple orders to increase efficiency the efficiency may be good for grab for you it means they drive around with your food in a bag for longer than minutes not a problem if you dont mind cold food edit grab has discovered spam minus another star,not particular great food deliveri often driver pick multipl order increas effici effici may good grab mean drive around food bag longer minut not problem dont mind cold food edit grab discov spam minus anoth star,,negative,Grab,en
"Terima kasih mudahkan urusan, bagi kami penduduk kampung",terima kasih mudahkan urusan bagi kami penduduk kampung,terima kasih mudahkan urusan penduduk kampung,,positive,Touch n Go eWallet,en
please bring back the option to pay and split evenly,please bring back the option to pay and split evenly,pleas bring back option pay split even,,neutral,Grab,en
sangat berpuashati dgn app ini,sangat berpuashati dgn app ini,berpuashati dgn app,,positive,Grab,ms
it's good and all but one thing I don't like in this app is the unjustifiable price of their delivery fee where some of the foods costs less than the delivery fee. it pisses me off sometimes.,its good and all but one thing i dont like in this app is the unjustifiable price of their delivery fee where some of the foods costs less than the delivery fee it pisses me off sometimes,good one thing dont like app unjustifi price deliveri fee food cost less deliveri fee piss sometim,,neutral,Grab,en
drive tak cerewet bagus orangnya,drive tak cerewet bagus orangnya,drive tak cerewet bagus orang,,positive,Grab,ms
sangat baguss ini,sangat baguss ini,baguss,,positive,Touch n Go eWallet,ms
"i can't even book for appointment. i keep click on my name for booking but nothing keluar. its been a months, i have report on helpdesk but nothing change. im sick of this !!",i cant even book for appointment i keep click on my name for booking but nothing keluar its been a months i have report on helpdesk but nothing change im sick of this,cant even book appoint keep click name book noth month report helpdesk noth chang im sick,,negative,MySejahtera,en
apps tak boleh sign in dgn myDigital id.. FIX IT NOW !!!,apps tak boleh sign in dgn mydigital id fix it now,app tak sign dgn mydigit id fix,,negative,MySejahtera,en
"paylater is very convenient feature. but the payment to paylater is annoying if we don't bind a card to grab. if we want to top up from bank, it doesn't allow us to top up the exact amount, eg 83.23, but we have to top up 84 instead. and why do we have to top up and then only pay? shopee paylater can straight pay the amount via online banking! fix it please, it annoys me every month till I have to change my 5 stars review to 3 stars. thank you",paylater is very convenient feature but the payment to paylater is annoying if we dont bind a card to grab if we want to top up from bank it doesnt allow us to top up the exact amount eg but we have to top up instead and why do we have to top up and then only pay shopee paylater can straight pay the amount via online banking fix it please it annoys me every month till i have to change my stars review to stars thank you,paylat conveni featur payment paylat annoy dont bind card grab want top bank doesnt allow us top exact amount eg top instead top pay shope paylat straight pay amount via onlin bank fix pleas annoy everi month till chang star review star thank,,neutral,Grab,en
kenapa saya tak boleh deta grab,kenapa saya tak boleh deta grab,tak deta grab,,neutral,Grab,ms
gelap tak keluar apa2.....x blh guna dah... setelah seminggu lebih baru blh guna. install uninstall byk kali.tq helpdesk mysejahtera yg membantu,gelap tak keluar apa x blh guna dah setelah seminggu lebih baru blh guna install uninstall byk kalitq helpdesk mysejahtera yg membantu,gelap tak blh dah seminggu blh instal uninstal byk kalitq helpdesk mysejahtera yg membantu,,positive,MySejahtera,en
"Sepatutnye kedua² ibubapa boleh register anak² dan pasangan sebagai jagaan..ni harapkan 1 acc je yg boleh..kalau telepon bapak yg register, mak xboleh dah. abes klau mak nak register anak kat klinik utk outpatient camne kalau ayah outstation..dah beratur plak..pas2 slot abes plak..",sepatutnye kedua² ibubapa boleh register anak² dan pasangan sebagai jagaanni harapkan acc je yg bolehkalau telepon bapak yg register mak xboleh dah abes klau mak nak register anak kat klinik utk outpatient camne kalau ayah outstationdah beratur plakpas slot abes plak,sepatutny ibubapa regist pasangan jagaanni harapkan acc yg bolehkalau telepon yg regist mak xboleh dah abe klau mak nak regist anak kat klinik utk outpati camn ayah outstationdah beratur plakpa slot abe plak,,neutral,MySejahtera,en
sedikit mem buat saya stress,sedikit mem buat saya stress,mem stress,,neutral,Touch n Go eWallet,ms
loading manjang. bodo ke?,loading manjang bodo ke,loading manjang bodo,,negative,Grab,ms
"menyusahkan orang jak, mau buat temu janji endk dpt app apa ni , mau tukar nombor fon pun susah , mau masuk 3 tahun suda endk bole buat temu janji, jumpa doktor gigi pun susah sikit sikit mysejahtera, ini bukan mensejahtera kan menyusahkan adalah",menyusahkan orang jak mau buat temu janji endk dpt app apa ni mau tukar nombor fon pun susah mau masuk tahun suda endk bole buat temu janji jumpa doktor gigi pun susah sikit sikit mysejahtera ini bukan mensejahtera kan menyusahkan adalah,susah jak temu janji endk dpt app tukar nombor fon susah tahun suda endk bole temu janji jumpa doktor gigi susah sikit sikit mysejahtera bukan sejahtera susah,,negative,MySejahtera,ms
"5 years after MCO,pandemic COVID-19..now I see a new in terms of their UI & UX.. really gives material feels design and it makes this app more refreshing to see compared to old UI. Even though, stability and performance play a crucial roles in development application. Lastly but not least, always keeping our data at high grade security,not weakest ones that hackers,scammers can access our data. That's all for now I would want say.",years after mcopandemic covid now i see a new in terms of their ui ux really gives material feels design and it makes this app more refreshing to see compared to old ui even though stability and performance play a crucial roles in development application lastly but not least always keeping our data at high grade securitynot weakest ones that hackersscammers can access our data thats all for now i would want say,year mcopandem covid see new term ui ux realli give materi feel design make app refresh see compar old ui even though stabil perform play crucial role develop applic last not least alway keep data high grade securitynot weakest one hackersscamm access data that would want say,,positive,MySejahtera,en
Zujinduhu a/l Merapu,zujinduhu al merapu,zujinduhu al merapu,,positive,MySejahtera,ms
my sejahtera saya bhgian profil xdpt buka cma kosong je mcm mna?,my sejahtera saya bhgian profil xdpt buka cma kosong je mcm mna,sejahtera bhgian profil xdpt buka cma kosong mcm mna,,negative,MySejahtera,en
I think the app is great overall but there could be some issues at certain times where the tracker can be inconsistent and buggy. I am not sure if this is only personal experience but hopefully others might encounter the same problems as well and point it out,i think the app is great overall but there could be some issues at certain times where the tracker can be inconsistent and buggy i am not sure if this is only personal experience but hopefully others might encounter the same problems as well and point it out,think app great overal could issu certain time tracker inconsist buggi not sure person experi hope other might encount problem well point,,positive,Grab,en
ice latte tawar and pahit,ice latte tawar and pahit,ice latt tawar pahit,,neutral,Grab,en
saya terlupa katalaluan nya macam mana ya?,saya terlupa katalaluan nya macam mana ya,lupa katalaluan,,positive,MySejahtera,ms
"tolong lah hapuskan lockin gune foto² wajah ni,,,Klau senang sekali lockin tkpee",tolong lah hapuskan lockin gune foto² wajah niklau senang sekali lockin tkpee,tolong hapus lockin gune wajah niklau senang lockin tkpee,,neutral,Touch n Go eWallet,ms
hopefully the scanning page load faster ok. now resolved,hopefully the scanning page load faster ok now resolved,hope scan page load faster ok resolv,,positive,Touch n Go eWallet,en
"mobil bagus,nyaman dan bersih...pemandu ramah...",mobil bagusnyaman dan bersihpemandu ramah,mobil bagusnyaman bersihpemandu ramah,,positive,Grab,ms
"this new version looks awesome and beautiful. Great UI, looks modern and robust. great job team",this new version looks awesome and beautiful great ui looks modern and robust great job team,new version look awesom beauti great ui look modern robust great job team,,positive,MySejahtera,en
"for rides, it doesn't seem like the map is accurate.",for rides it doesnt seem like the map is accurate,ride doesnt seem like map accur,,neutral,Grab,en
why I can't update the emergency contact portion here?,why i cant update the emergency contact portion here,cant updat emerg contact portion,,neutral,Grab,en
To many notifications and popups,to many notifications and popups,mani notif popup,,neutral,Touch n Go eWallet,en
saya nak buat temujanji pergigian. hari tu boleh je. sekarang semua penuh sampai 2029 pula tu pun penuh. betul atau x ne. adoii biar betul,saya nak buat temujanji pergigian hari tu boleh je sekarang semua penuh sampai pula tu pun penuh betul atau x ne adoii biar betul,nak temujanji gigi penuh penuh ne adoii biar,,negative,MySejahtera,ms
The latest update has problem to book appointments for health check up and many other services. I could not even log out even after uninstall. Please check if any bug persistent. Update: only happens on my smartphone: Samsung A55 5G. It works smoothly on my Samsung Tab S9+. Tried to clear all data from the app and it works. Please help to fix this bug if possible. It is quite a hassle.,the latest update has problem to book appointments for health check up and many other services i could not even log out even after uninstall please check if any bug persistent update only happens on my smartphone samsung a g it works smoothly on my samsung tab s tried to clear all data from the app and it works please help to fix this bug if possible it is quite a hassle,latest updat problem book appoint health check mani servic could not even log even uninstal pleas check bug persist updat happen smartphon samsung work smooth samsung tab tri clear data app work pleas help fix bug possibl quit hassl,,negative,MySejahtera,en
easy to use,easy to use,easi use,,positive,Grab,en
"Tarifnya naik, banyak driver di lokasi tp dpt driver yg jauh. Buang2 waktu menunggu.",tarifnya naik banyak driver di lokasi tp dpt driver yg jauh buang waktu menunggu,tarifnya driver lokasi tp dpt driver yg buang waktu menunggu,,neutral,Grab,en
Appointment slot for dental are very limited.,appointment slot for dental are very limited,appoint slot dental limit,,neutral,MySejahtera,en
Insya'Allah... Mempermudahkan pengguna.. Semoga terus sentiasa dalam menaiktaraf.. Tqvm..,insyaallah mempermudahkan pengguna semoga terus sentiasa dalam menaiktaraf tqvm,insyaallah mudah guna moga sentiasa menaiktaraf tqvm,,positive,Grab,ms
"I dont know why, but this app ,after updating, it didn't work anymore. when i want to make an appointment from here to go to clinic, it didn't show my name anymore. When i enter the appointment, it just looks like loading for the entire time.. even though my internet is fast.. ill try using wifi, but it just the same.. please fix this problem. I hve tried to uninstall and reinstall again, but it doesn't work either..please fix it asap..... Tq",i dont know why but this app after updating it didnt work anymore when i want to make an appointment from here to go to clinic it didnt show my name anymore when i enter the appointment it just looks like loading for the entire time even though my internet is fast ill try using wifi but it just the same please fix this problem i hve tried to uninstall and reinstall again but it doesnt work eitherplease fix it asap tq,dont know app updat didnt work anymor want make appoint go clinic didnt show name anymor enter appoint look like load entir time even though internet fast ill tri use wifi pleas fix problem hve tri uninstal reinstal doesnt work eitherpleas fix asap tq,,negative,MySejahtera,en
"Laging kina cancel is booking, choosy din un ibang driver e",laging kina cancel is booking choosy din un ibang driver e,lage kina cancel book choosi din un ibang driver,,neutral,Grab,en
Aq vaksin dio tulis x vaksin lagi,aq vaksin dio tulis x vaksin lagi,aq vaksin dio tulis vaksin,,negative,MySejahtera,ms
Tarikh untuk temujanji tidak dapat diplilih. Hanya tarikh semasa sahaja yang dipaparkan.,tarikh untuk temujanji tidak dapat diplilih hanya tarikh semasa sahaja yang dipaparkan,tarikh temujanji tidak diplilih tarikh sahaja dipaparkan,,negative,MySejahtera,en
"MySejahtera pernah jadi aplikasi penting semasa pandemik, namun kini semakin kurang relevan. Saya cadangkan agar ia dipertingkat dengan fungsi yang lebih dekat dengan pengguna, seperti e-wallet kesihatan, pembayaran klinik, rekod vaksin automatik atau insentif gaya hidup sihat. Transformasi ini boleh menjadikan MySejahtera platform digital kerajaan yang moden,berguna dan kekal relevan untk rakyat.. PADU DAK KOMEN ABG😂",mysejahtera pernah jadi aplikasi penting semasa pandemik namun kini semakin kurang relevan saya cadangkan agar ia dipertingkat dengan fungsi yang lebih dekat dengan pengguna seperti ewallet kesihatan pembayaran klinik rekod vaksin automatik atau insentif gaya hidup sihat transformasi ini boleh menjadikan mysejahtera platform digital kerajaan yang modenberguna dan kekal relevan untk rakyat padu dak komen abg,mysejahtera aplikasi pandemik relevan cadang tingkat fungsi guna ewallet kesihatan bayar klinik rekod vaksin automatik insentif gaya hidup sihat transformasi jadi mysejahtera platform digital raja modenberguna kekal relevan untk rakyat padu dak komen abg,😂,positive,MySejahtera,ms
"AppLikasi ini sudah lama tidak aku muat turun, Macam mana untuk saya buka sudah lup!?",applikasi ini sudah lama tidak aku muat turun macam mana untuk saya buka sudah lup,applikasi tidak muat turun buka lup,,negative,MySejahtera,ms
