susp_score,current_label,corrected_label,text,app,language
5,neutral,neutral,"1st, NFC reload doesn't work with old phone, now on new phone also. CS told to uninstall & reinstall, after reinstalled, each time login crashed many times just to get to homepage with blue background then crash again. getting thru smart tag n RFID lane already bad experience now the ewallet, not including constant nationwide offline, cannot reload physical cards. troublesome with no other options. improvise la",Touch n Go eWallet,en
3,neutral,neutral,The latest update has problem to book appointments for health check up and many other services. I could not even log out even after uninstall. Please check if any bug persistent. Update: only happens on my smartphone: Samsung A55 5G. It works smoothly on my Samsung Tab S9+. Tried to clear all data from the app and it works. Please help to fix this bug if possible. It is quite a hassle.,MySejahtera,en
3,neutral,neutral,"Its not bad at all. Very convinient. Just some little irritants. 1. Ads. I'm trying to pay right now, and I get pop ups and ads. Very counter intuitive to the design of the application. 2. Can be quite slow. Generally not a problem but is confounded by the ads.",Touch n Go eWallet,en
3,neutral,neutral,Love using touch n go app. Secure fast and easy to use. But they have cancelled the auto reload from Debit cards i.e if your e wallet balance is low it will deduct from your debit card to fulfil the payment. Which was convenient specially at tolls.,Touch n Go eWallet,en
3,neutral,neutral,"Edit (30/1/25): Just set allow for mysejahtera on any ad blocker app and will be fine. I recently changed phone, installed the app and forever stuck on login page. Keep saying invalid user id or password. Helpdesk not helping, giving me same steps for 3 times. I can only login on old phone. But I dont want to be bringing two phones out every time. Please fix. My new phone is new model just out November 2024. I need the app to work so I can check my appointment dates.",MySejahtera,en
2,negative,negative,"The recent update makes it less convenient to view my eWallet balance. The app now prominently displays total assets across all TNG financial products, which may be useful for some users but is unnecessary for those who primarily use the app as an e-wallet. I preferred the previous interface, where the Wallet balance was shown by default and total assets were available under GoFinance. Please consider restoring this option to improve usability and privacy.",Touch n Go eWallet,en
2,positive,positive,Grab app is good but i have issue with sale debit eventhough i have not use the debit card anymore. i use grab wallet.. please fix it ...,Grab,ms
2,neutral,neutral,"i cant open my app. its stuck at secure with pin. but when i put on pin, it says pin setup failed. been trying since hours. i cant even chat cs when i cant even open the app.",Grab,en
2,positive,positive,Apa ke Benda ni ???@ nak buat temujanji klinik Gigi Semuanya Penuh? Temujanji yang ada kosong yang sy pernah dapat dapat January 2027? paling cepat 3bulan??? masalah orang dah sakit sangat takkan nak kena tunggu lama??Bila Call nak pergi terus tak boleh? Sistem Kejam apa yang dicipta ni?,MySejahtera,ms
2,positive,positive,"setakat 4 tahun saya guna, tak ade lagi masalah yang saya hadapi. cara nak guna mudah tapi untuk sesetangah orang mungkin susah sikit tapi untuk saya, semuanya Oke je.",MySejahtera,en
2,positive,positive,"sebelum dh daftar. tp hp rosak. so , nak download di handphone baru , tak dapat pula. Tapi berjaya je daftar.",MySejahtera,en
2,positive,positive,knp ACC lama saya tak blh nk buka sy tukar fon. fon lama hilang katalaluan sy dh masuk kan yg btl2 saya je tak blh nk masuk jgk knp ye,Touch n Go eWallet,ms
2,neutral,neutral,since last two so difficult to use TnG. The system is to slow when try to do a payment. Sometimes can't enter at all!!!!!,Touch n Go eWallet,en
2,neutral,neutral,"Cant refresh my profile, the date remain in 2022...pla fix the bug thks",MySejahtera,en
2,neutral,neutral,kenapa sistem madani sekarang menyusahkan rakyat? mysejahtera tak boleh nak update number baru ? buat banyak kali pun macam tu juga apa2 appointment mesti nak kena guna mysejahtera bad service maaf cakap ye 👎🏻👎🏻👎🏻,MySejahtera,ms
2,neutral,neutral,Kalau no fon yg dftar da tak aktif nak buat mcm mn?susah sangat nk check up di klinik kesihatan sbb tak boleh nk log in.,MySejahtera,ms
2,neutral,neutral,"Totally cannot use the function inside app. First, the profile is keep loading n loading, no interface appear,. Terrible.",MySejahtera,en
2,positive,positive,tng tusah betul nak pindah kan dari hp lma ke hp bru...kalau bolh jangn lh guna nbe pin log in..scam muka dan ic pun dah cukup untuk bukti yg kita ni bukan orng lain nak log in..,Touch n Go eWallet,ms
2,neutral,neutral,"email tak boleh ubah kenapa ya,, bila nk verify, email lama lupa password,,, bila nak masuk email baru tiada pilihan lain untuk submit email baru, so appointment xboleh buat selagi email x verify",MySejahtera,en
2,neutral,neutral,saya nak tukar no fon baru ..tapi sulit nak buat..boleh bagi tahu saya macam mana nak buat..fon lama saya hilang kena curi,MySejahtera,ms
2,positive,positive,"Terok gila tak boleh buat tempahan janji temu, aku dah sahkan acc tuu bnyak kali...😌",MySejahtera,ms
1,positive,positive,"lepas update version baru, apps tak boleh buka.. blank.",MySejahtera,en
1,positive,positive,less 1 star because grabmap error,Grab,en
1,positive,positive,"Can't see TNG APP,",Touch n Go eWallet,ms
1,positive,positive,not straight forward enough,Touch n Go eWallet,en
1,positive,positive,"dah makin laju dh, dulu asyik lag jer... kalau boleh buat la redeem coin tu setiap hari tknak voucher, better coin boleh kumpul 😁",Touch n Go eWallet,en
1,negative,negative,After I got the app back I don't know where to upload and update my covid test..... Someone please help me n show me thanks,MySejahtera,en
1,negative,negative,X bagus 😓,MySejahtera,ms
1,negative,negative,after update reload take so many time. before this instant reload easy,Touch n Go eWallet,en
1,neutral,neutral,okay tak ada masalah.,Grab,ms
1,negative,negative,suka mkn duit orng bile main game die ape bnde ni,Touch n Go eWallet,en
1,positive,positive,Boleh tak tambahkan maklumat suntikan typhoid dlm nie...susah la klo kena bwk kad jewrr...klo ade dlm mysejahtera lgy senang...,MySejahtera,ms
1,neutral,neutral,sangat kecewa susah dapat driver d jam-jam tertentu,Grab,en
1,neutral,neutral,why quick payment and auto reload is unavailable?? when fix that problem?,Touch n Go eWallet,en
1,negative,negative,Cuba dulu kalau Bagus baru bagi 5 star,Grab,ms
1,neutral,neutral,susah gila nk dpt driver dhla student nk kena gi kelas awal,Grab,ms
1,neutral,neutral,very slow login and need to wait more time to scan the QR,Touch n Go eWallet,en
1,neutral,neutral,over all the service was fine until it came into a refund issue it has been one weeks almost two weeks and still amount money inside my account still remain the same,Touch n Go eWallet,en
1,neutral,neutral,"acc sy tak boleh log in kenape yer, sy terlupe no pin & password tapi dah ikot arahan diberi tapi still tak boleh, dia kata ""ada yg tak kena"" ape perlu sy buat untuk dapatkan semula acc sy",Touch n Go eWallet,ms
1,neutral,neutral,terbaik senang bayaran bil elektrik,Touch n Go eWallet,ms
1,neutral,neutral,"Good customer service from the company, but my main issue is the unprofessional drivers. Ordered some food at midnight, paid by cash, and somehow the driver asked me where's the tips. I thought tips aren't mandatory, and only if customer wants to give tips. It's not something that the driver demands from the customer as if the customers owe them money. It happened twice. Also how some drivers would just cancel my order halfway through without any confirmation, making me have to wait even more.",Grab,en
1,neutral,neutral,"makin update new version makin teruk, especially need to click on the ""Reward"" , forever load non stop even using WiFi. 😓😓 pls improve the web bandwidth",Touch n Go eWallet,en
1,neutral,neutral,"Mohon bantuan, kenapa saya suruh hantar (forget password) untuk (code) saya dah hantar e-mail saya tapi tak masuk pun dalam e-mail saya , menyusahkan betul lah",MySejahtera,ms
1,neutral,neutral,kenapa tng jdi lmbt slow msuk adoi susah nk transfer tollng la baiki,Touch n Go eWallet,ms
1,positive,positive,The aba payment thing sucks.,Grab,en
1,positive,positive,"After my last complain about there is no available slot for dental check up for almost every month , the new update finally improve the app a little. However, when I try booking for appointment in the next 6 month - let's say for February 2026, there is no available slot even after I check for every date in February and even March. Hopefully this can be fixed too 😭",MySejahtera,en
1,positive,positive,pin lokasi tidak tepat Jln Dtk Ajibah Abol,Grab,ms
1,positive,positive,Tarikh untuk temujanji tidak dapat diplilih. Hanya tarikh semasa sahaja yang dipaparkan.,MySejahtera,en
1,neutral,neutral,"Idk if its just me but the latest update is kinda buggy. Like, i cant view my profile and when i tried to update my info, i couldnt get pass the passport part which it said mandatory but i dont have any passport :( and as for the other page like MyMinda, when i clicked on it, its just blank. Maybe need to fix some of these bugs",MySejahtera,en
1,negative,negative,was good. now it doesn't give coupons and slowly tries to up charge me.,Grab,en
1,negative,negative,"Grab memang senang dapat bila kita booking tetapi,tiada mata ganjaran atau poin kita dapat,tak best dah,harap perbaiki supaya harga berpatutan lah utk pengguna grab",Grab,ms
1,positive,positive,"After the previous update, the app took forever to load",Touch n Go eWallet,en
1,negative,negative,My Grab for the airport was good on the streets one charged me 100 for a 33 priced ride and when I was coming home the grab driver tried to charge me 150.00 for the same 33.00 ride 👎🏾,Grab,en
1,neutral,neutral,Susah sangat nk tgk rekod kesihatan...dah kemaskini pun tetap xboleh tengok,MySejahtera,ms
1,positive,positive,"kejap bole bukak pastu tetiba je apk xleh buka sebab ubahsuai, apa yg ubahsuainya",Touch n Go eWallet,ms
1,neutral,neutral,Sangat bagus dan membantu .✍️,MySejahtera,ms
1,neutral,neutral,"Janan susahkan guna biometric atau passcode. mysejahtera untuk kesihatan, pakcik makcik terpaksa buat passcode untuk mysejahtera, makin menyusahkan mereka bila guna telefon",MySejahtera,en
1,neutral,neutral,"i up 2 star because annoying promotion notification is not there anymore, thanks TnGo developer. It remains 3 star because new interface not really user friendly and loading favorite=>more took ages to load 😅...",Touch n Go eWallet,en
1,neutral,neutral,"ok mudah untuk membayar, duit pun cepat jer habis,",Touch n Go eWallet,ms
1,neutral,neutral,Dah tekan lupa kata laluan . Tapi sampai sekarang dari bulan 8 masih tak terima emel/ sms link untuk saya tukar password baru . Apakah jalan penyelesaian anda ?,MySejahtera,ms
1,positive,positive,tolong di review lagi app nya. makin ke sini makin kurang oke. dapat driver lokasi jauh banget dari titik penjemputan jadi tunggu lama dan kasian drivernya juga ongkos bensin buat narik makin banyak.,Grab,en
1,neutral,neutral,i hate this because i wait so long to wait the driver accept my booking!!!!,Grab,ms
1,positive,positive,"Look, can you not make a nearest drop point for pickup? I've been using it for like a long time, and pickup places like 10 -15 minutes walk just for me to call for a Grab driver. Don't make it the nearest point for pickup, just point where I am.",Grab,en
1,negative,negative,senang membuat pembayaran,Touch n Go eWallet,ms
1,positive,positive,unable to update latest apps version for model samsung z fold5,MySejahtera,en
1,positive,positive,hrini saya ada appoiment dkt KK & my apps x blh guna sbb maintenance. haih can you fix this?,MySejahtera,en
1,positive,positive,tak boleh nak book appointment. tak keluar pun nearest klinik yg available .keluar yg kat KL punya. kita duduk pahang,MySejahtera,en
1,positive,positive,"5 years after MCO,pandemic COVID-19..now I see a new in terms of their UI & UX.. really gives material feels design and it makes this app more refreshing to see compared to old UI. Even though, stability and performance play a crucial roles in development application. Lastly but not least, always keeping our data at high grade security,not weakest ones that hackers,scammers can access our data. That's all for now I would want say.",MySejahtera,en
1,positive,positive,"baru update apps ni, tpi makin pening, skrg mmg dh x boleh top up card tngo guna nfc ke mcm mne, sbb dh xde button utk card tngo tu",Touch n Go eWallet,en
1,negative,negative,It's great for booking an appointment but the QR code scanner from the apps doesn't work well on my phone so I have to manually scan the QR outside the app 🫩,MySejahtera,en
1,positive,positive,"With this new updated app, I can't find my covid 19 vaccination record. Is it available in this updated apps.",MySejahtera,en
1,positive,positive,"after so long not open this app since pkp (covid) , now I open it 😁😄",MySejahtera,en
1,positive,positive,kenapa makin lama makin slow server dia,Touch n Go eWallet,en
1,negative,negative,Awful. Next available slots for outpatient treatment is 1 month away. Good luck if you are sick or in pain. Brainless system. For whom is this system created for anyway? Fortune tellers who are able to predict their illness one month in advance?!,MySejahtera,en
1,positive,positive,tak boleh nk book oppiment,MySejahtera,ms
1,positive,positive,"i hope they would add a feature to cancel your order, when the order is not yet accepted by the driver. coz that would be more effective for customers, to cancel their orders instead of messaging the drivers themselves and 😐",Grab,en
0,positive,positive,sangat baguss ini,Touch n Go eWallet,ms
0,negative,negative,Napa mysejater skrg xfuntion buka keluar putih je ingtkn sbb fon wat dkt fon lain pn sma... Org lain nk daftar letak keputusan swep test pn sma kluar putih,MySejahtera,ms
0,negative,negative,X active skian lama,Touch n Go eWallet,en
0,positive,positive,i hope my past vaccine cert will appear in new my sejahtera.,MySejahtera,en
0,positive,positive,Selamat berinstall kembali semua,MySejahtera,en
0,negative,negative,clustered & many pop-ups. the pop-up ads before i make payment is infuriating. im seriously considering other options,Touch n Go eWallet,en
0,negative,negative,vaksin sy sini keluar satu ja,MySejahtera,ms
0,negative,negative,saya nak buat temujanji pergigian. hari tu boleh je. sekarang semua penuh sampai 2029 pula tu pun penuh. betul atau x ne. adoii biar betul,MySejahtera,ms
0,positive,positive,"Terima kasih mudahkan urusan, bagi kami penduduk kampung",Touch n Go eWallet,en
0,positive,positive,hopefully the scanning page load faster ok. now resolved,Touch n Go eWallet,en
0,negative,negative,"Please make an option to put the ""Favorites"" tab front and center when opening the app :(",Grab,en
0,positive,positive,i have been using more touchngo since last year and it have been really convenience using it. it merge many service on one app,Touch n Go eWallet,en
0,negative,negative,Aq vaksin dio tulis x vaksin lagi,MySejahtera,ms
0,negative,negative,i have sign in but when I open the app everything is white nothing on the display,MySejahtera,en
0,negative,negative,Frequent updates that do nothing to add to the user experience.,MySejahtera,en
0,negative,negative,Appointment option x function. loading all the time,MySejahtera,en
0,neutral,neutral,This app helping not much,Grab,en
0,neutral,neutral,"it is not even raining and yet, Grab says it is and charges me more than double.",Grab,en
0,negative,negative,haku bagi 1 bintang je lepas dia upgrade tng yg baru buln 5 2026 ni..nmpk mysahkn plak..button topup tol yg dulu ok je di homescreen..lps upgrde ntah mana2 dia letak laaa,Touch n Go eWallet,en
0,neutral,neutral,Aku bagi tiga jeer sebab tak boleh top up Digi,Grab,ms
0,negative,negative,"Apps buffering took a shorter time before BUDI95, please look into this as it really affects payment speed.",Touch n Go eWallet,en
0,positive,positive,MURUGAMAH A/P MUNIANDY,MySejahtera,ms
0,negative,negative,kenapa buat pindahan duit ke bank 10 ringgit dipotong. pindah 30 masuk bank 20 jerr,Touch n Go eWallet,ms
0,negative,negative,"kurang puaskan, sebab akaun baru sudah buat, tapi dia pusingkan akaun yang lama, dah sampai sini jelah saya guna TNG ini😠😠😠",Touch n Go eWallet,ms
0,positive,positive,"Recently after updated, the fixed notification for MySJ Trace always appeared even though I don't turn it on. Please fix this.. Thanks",MySejahtera,en
0,positive,positive,ikut peraturan jln raya dgn betul dan grab bawa hati2 semasa memandu dan bersopan santun bila bercakap,Grab,ms
0,positive,positive,Mallory awards 10 contributions.,MySejahtera,en
0,negative,negative,Akaun tng saya kene rm5k abis ilang,Touch n Go eWallet,ms
0,positive,positive,sangat berpuashati dgn app ini,Grab,ms
0,negative,negative,always lock me out whenever i receive funds from top up n transfer .. inconcenient .. embarrasing as well especially while making payment,Touch n Go eWallet,en
0,positive,positive,please bring back the option to pay and split evenly,Grab,en
0,positive,positive,I think the app is great overall but there could be some issues at certain times where the tracker can be inconsistent and buggy. I am not sure if this is only personal experience but hopefully others might encounter the same problems as well and point it out,Grab,en
0,positive,positive,information and investment...,MySejahtera,ms
0,positive,positive,Aplikasi ini sangat berguna untuk membuat temu janji di hospital yang berdekatan.,MySejahtera,en
0,positive,positive,Saya amat meyukainya,MySejahtera,ms
0,positive,positive,cara membuat tempahan awal??,MySejahtera,ms
0,negative,negative,sy dh daftar lepas tu bila nk buka x boleh,Touch n Go eWallet,ms
0,negative,negative,yung sapatos po naiwan,Grab,en
0,negative,negative,x boleh buke app,Touch n Go eWallet,en
0,positive,positive,saya penah guna ewallet tapi dah lama x buka bila nak buka balik nombor telifon dah bertukar jadi x lepas buat macam mana buat ya,Touch n Go eWallet,ms
0,negative,negative,data rakyat dijual LOL,MySejahtera,ms
0,negative,negative,mysejahtera doesn't work on my samsung s24 ultra at all! Tried uninstall and reinstall few times also same,MySejahtera,en
0,negative,negative,it x log in or work efficiently.,Touch n Go eWallet,en
0,positive,positive,Kenapa Selepas kemas kini sijil jadi hitam putih pula,MySejahtera,ms
0,positive,positive,"Salam, harap boleh tmbah fungsi rekod derma darah. T.kasih",MySejahtera,en
0,positive,positive,Gets a new apps. ..,MySejahtera,en
0,positive,positive,"MySejahtera pernah jadi aplikasi penting semasa pandemik, namun kini semakin kurang relevan. Saya cadangkan agar ia dipertingkat dengan fungsi yang lebih dekat dengan pengguna, seperti e-wallet kesihatan, pembayaran klinik, rekod vaksin automatik atau insentif gaya hidup sihat. Transformasi ini boleh menjadikan MySejahtera platform digital kerajaan yang moden,berguna dan kekal relevan untk rakyat.. PADU DAK KOMEN ABG😂",MySejahtera,ms
0,positive,positive,Zujinduhu a/l Merapu,MySejahtera,ms
0,positive,positive,nipah virus coming.gotta download this app to prevent nipah virus,MySejahtera,en
0,positive,positive,x boleh bayar bil elektrik dan banyak pulak iklan,Touch n Go eWallet,ms
0,positive,positive,"Kenapa setiap kali saya nak login semula , mesti invalid user id or password.. sedangkan password saya betul",MySejahtera,en
0,positive,positive,gelap tak keluar apa2.....x blh guna dah... setelah seminggu lebih baru blh guna. install uninstall byk kali.tq helpdesk mysejahtera yg membantu,MySejahtera,en
0,positive,positive,latest version tiada detail di blood donor card. previous version ada detail benefit yg dapat. cth: free outpatient treatment etc,MySejahtera,en
0,positive,positive,"Very user friendly. It helps me quickly check my future appointments. I can also self check in at home then just arrive at the clinic half an hour before the appointment time. Excellent! However, the notification and history are not updated in time.",MySejahtera,en
0,positive,positive,tutup app MySejahtera,MySejahtera,ms
0,positive,positive,saya terlupa katalaluan nya macam mana ya?,MySejahtera,ms
0,positive,positive,my sejahtera saya bhgian profil xdpt buka cma kosong je mcm mna?,MySejahtera,en
0,positive,positive,"I love the new look, but only downside im no longer able to print 3 vaccine cert on same page like before.. I'm looking forward to bringing that back.. please be able to verify the dependent because several son take care of their parents",MySejahtera,en
0,positive,positive,The app was improved by a long mile since it was first introduced. the thing lacking was the security similar to banking sector level of security.,Touch n Go eWallet,en
0,positive,positive,ok ok ok rm50. (rm49.50!),Touch n Go eWallet,en
0,positive,positive,"Very Useful for delivery of food. Very affordable. Can you please, put how many kilometers from the place where we will order to our place next time? Cause it's hard to determine where the nearest to our place.",Grab,en
0,positive,positive,sangat tepati masa,Grab,ms
0,neutral,neutral,it's good and all but one thing I don't like in this app is the unjustifiable price of their delivery fee where some of the foods costs less than the delivery fee. it pisses me off sometimes.,Grab,en
0,neutral,neutral,kenapa saya tak boleh deta grab,Grab,ms
0,neutral,neutral,"my account SUSPENDED , cannot open . my balance got in there",Touch n Go eWallet,en
0,neutral,neutral,always crash on my device poco c65... happened for a few days already... before this just normal,Touch n Go eWallet,en
0,neutral,neutral,pay through online not activated because use grab pay ewallet,Grab,en
0,neutral,neutral,grab ni sangat berguna tetapi saya rasa sedikit terasa sedih la juga sebab separuh driver minta duit lebih time saya mau kosong tu lah diorang minta tambah 😔,Grab,ms
0,neutral,neutral,"Terrible system; can't even cancel an order that just got ordered literally seconds ago; because the system decided to order it without going through 2 phases (jumped directly to the second phase - ""check order"" phase was skipped), without letting me check my orders! And the price was twice the previous time I bought at the same store for the same items! Good thing the driver understood my request and cancelled my order, otherwise I had to pay twice the amount for the same stuffs!",Grab,en
0,positive,positive,Insya'Allah... Mempermudahkan pengguna.. Semoga terus sentiasa dalam menaiktaraf.. Tqvm..,Grab,ms
0,neutral,neutral,why I can't update the emergency contact portion here?,Grab,en
0,neutral,neutral,good drive safe,Grab,en
0,neutral,neutral,"I don’t know what to say… I ordered a Grab from my location, but the driver went to another location. When he called, he told me that I booked the wrong location, but the app clearly showed the correct location that I selected. Now I want to cancel the ride, and they’re charging me RM3 even though it’s not my fault. What the hell? Now I have to pay even though I did nothing wrong.🤷",Grab,en
0,neutral,neutral,darkmode on chat still not fixed yet,Grab,en
0,neutral,neutral,Screenshoot picture dan pindah ke duitnown juga tidak pernah digunakan ja lagi.,Grab,ms
0,positive,positive,정확한 지도표시가 잘안되어 안타깝습니다,Grab,en
0,neutral,neutral,"Grab sekarang banyak mahallllllll gile,,dia masih jauh pun dia ambik,,nnti kalau dah tak ada penumpang cam texi baru tau",Grab,ms
0,positive,positive,drive tak cerewet bagus orangnya,Grab,ms
0,positive,positive,"would give 5 stars if you can implement the same feature as foodpanda. after choosing Ur food, there's a feature to input ur special instructions. It was upsetting when i first used grab after foodpanda.",Grab,en
0,positive,positive,यहां अप डिलीवरी के लिए बहुत बढ़िया ऐप है मैंने इसे उसे किया और मुझे बहुत अच्छालगा 😇*,Grab,en
0,neutral,neutral,kenapa tak boleh tukar nama akaun tng wallet?,Touch n Go eWallet,ms
0,neutral,neutral,"Sepatutnye kedua² ibubapa boleh register anak² dan pasangan sebagai jagaan..ni harapkan 1 acc je yg boleh..kalau telepon bapak yg register, mak xboleh dah. abes klau mak nak register anak kat klinik utk outpatient camne kalau ayah outstation..dah beratur plak..pas2 slot abes plak..",MySejahtera,en
0,neutral,neutral,"Macam mana nak guna helpdesk ni ? Saya mahukan sijil vaksinasi secepat mungkin tapi sistem ini sangat susah , tolong segera saya sangat memerluka ,terima kasih",MySejahtera,ms
0,neutral,neutral,Kita telah di perbodohkn oleh mereka..punca 22 bulan memerintah kerajaan gagal kawal Covid..bahkn ditipu vaksin utk mmbunuh manusia..vaksin xkn d cipta masa terdekat..Mereka Berkomplot mmbunuh rakyat,MySejahtera,en
0,neutral,neutral,"always loading when i want make an appointment,please fix that",MySejahtera,en
0,neutral,neutral,"Apps are great to use, but for grab rides, some pickup points in Singapore for example new estates like Tengah, is very confusing for drivers and/or passengers. It would be great if the company could train or update their maps drivers/riders use. this is so that they would know where to go to.",Grab,en
0,neutral,neutral,"it's quite good BUT make sure you select card before your first journey, otherwise there's no way to change once you start and you can get caught out, which is a stupid design",Grab,en
0,neutral,neutral,"I can't log out of the application. When I want to log out, nothing comes out and I see that my husband's number is still there to log in even though we have separated the way to log in using our respective emails. Then there are several displays that don't show anything, it's blank and I want to log out and try to log in using my own ID, it doesn't give any response. I've uninstalled and reinstalled this application several times but when I want to open the account information section it keeps",MySejahtera,en
0,neutral,neutral,auto reload no longer working...,Touch n Go eWallet,en
0,neutral,neutral,"tolong lah hapuskan lockin gune foto² wajah ni,,,Klau senang sekali lockin tkpee",Touch n Go eWallet,ms
0,neutral,neutral,It's easy and very convenient app to pay anything but The new version is very slowly to open it take 30 seconds !! I tried on the both Mobiles same problem!!,Touch n Go eWallet,en
0,neutral,neutral,"sebelum ni guna grab ni ok je, cepat dan harga pun sesuai.....tapi sekarang harga tetap rm5 , bila dah oder pemandu call naik kan tambang rm10 . tiada kejujuran.. sebelum ni guna grab harga tetap rm9. sekarang harga tetap kadang rm5 boleh naik sampai 9 dan 10 kadang ada sampai 13😮‍💨",Grab,ms
0,negative,negative,Semua driver jauh,Grab,ms
0,neutral,neutral,saya tidak bisa masuk ewalet saya tolong di perbaiki,Touch n Go eWallet,ms
0,neutral,neutral,Go+ untuk warganegara saja Sye nk tapi tak boleh,Touch n Go eWallet,ms
0,positive,positive,Night shop still available for late order. Tq grab,Grab,en
0,negative,negative,สั่งแกรบตลอดแต่นี่มันเกินไปจริงๆ สั่งเพื่อให้ได้ของเร็ว เสียเงินเพิ่มสุดท้ายเลทแล้วให้Voucherนี่มันไม่ใช่การแก้ปัญหา เราต้องการของเร็วค่ะ ไม่ใช่ให้งานไรเดอร์ซ้ำ เลท แล้วค่อยให้คอมพรีเมนทารีเรา,Grab,en
0,negative,negative,says I don't have internet connection when i have 5g. inconsistent,Grab,en
0,negative,negative,app is good but no customer support when rider stole our food.,Grab,en
0,neutral,neutral,Rasanya dah boleh matikan feature MySj Trace ni. Dah tak perlu 24jam active.,MySejahtera,en
0,neutral,neutral,"Please provide the option of reverting to the previous option, because there's a function available in the old, but no longer available now.",MySejahtera,en
0,neutral,neutral,susah babi mw book,Grab,en
0,positive,positive,just got to use the application,Grab,en
0,neutral,neutral,Why my username and password is correct but cannot login in due to invalid username and password?,MySejahtera,en
0,neutral,neutral,knp ya tng sekarang semakin slow,Touch n Go eWallet,ms
0,neutral,neutral,annoying when promotion pop up first when open app,Touch n Go eWallet,en
0,neutral,neutral,can't find the name of klinik that's I wanted,MySejahtera,en
0,neutral,neutral,Ermmm susah sa mo kumen klu ini..😔,MySejahtera,ms
0,neutral,neutral,🥴tak boleh bukak,MySejahtera,ms
0,neutral,neutral,Saya tidak boleh menggunakan aplikasi ini,Touch n Go eWallet,ms
0,neutral,neutral,"it was simple and good before but now it's complicated. it's seems like a lots of people is facing with the problem of ""rooted device"" pop up. my phone is the original settings, no jailbreak or modified . what is exactly the problem?",Touch n Go eWallet,en
0,neutral,neutral,Search for biller e.g. Celcom very slow,Touch n Go eWallet,en
0,neutral,neutral,saya guna Oppo a93. selepas update terkini. app crash. hang. jadi black screen.,MySejahtera,en
0,neutral,neutral,"Kenapa saya tidak dapat mengakses bahagian temujanji di aplikasi mysejahtera, billa tekan diminta untuk verified account tapi dapat notis sudah verified melalui akaun sekian2..tapi bahagian temujanji tetap tidak boleh akses",MySejahtera,en
0,neutral,neutral,kenapa mysejahtera dah tak boleh nak download ?,MySejahtera,ms
0,neutral,neutral,MCM mane nk masuk semula.. hari tu fon... Terus xboleh masuk semula,MySejahtera,ms
0,neutral,neutral,apu... slow amat,Touch n Go eWallet,ms
0,neutral,neutral,I can't find my vaccination card,MySejahtera,en
0,neutral,neutral,"setelah membuat kemas kini,bila time nak log in sering gagal n ralat,sebelum kemas kini ok je..",Touch n Go eWallet,ms
0,neutral,neutral,the tng card balance is not updated,Touch n Go eWallet,en
0,neutral,neutral,jangan teraniaya sudah,Touch n Go eWallet,ms
0,neutral,neutral,"Getting better, good job well done!! Software Engineer",Touch n Go eWallet,en
0,neutral,neutral,mudah dn menjimatkan masa,Touch n Go eWallet,ms
0,neutral,neutral,"TNG Ewallet crashed every time I opened it, causing even my system UI to stop working forcing a restart. I use Realme C53",Touch n Go eWallet,en
0,positive,positive,Alhamdulillah mudahkan urusan,Touch n Go eWallet,ms
0,neutral,neutral,I can't open this app right now and I don't know why.. All my apps are updated automatically if needed to be updated.. But now..I really don't understand why I can't open this app 🤔,MySejahtera,en
0,neutral,neutral,aritu ada untuk tengok bilangan Blood Donor .. sekarang dah xde. kenapaaa ??,MySejahtera,en
0,neutral,neutral,Saya tidak dapat update status risiko convid sebab itu saya tidak dibenarkan masuk kerja. Apa perlu saya buat?,MySejahtera,ms
0,positive,positive,Works perfectly for the Redmi A5. Thank you for fixing my problem!!,Touch n Go eWallet,en
0,neutral,neutral,Easy to remember it.,MySejahtera,en
0,negative,negative,wai sedikan pin grab lah AP lah. tetap jugak salah apa erk. tangan aku salah typ ke apa sampai sebulan aku tk leh login ke acc aku,Grab,ms
0,positive,positive,tq... alright 👌,Touch n Go eWallet,en
0,negative,negative,"Not particularly great at food delivery. Very often the driver picks up multiple orders ""to increase efficiency"". The ""efficiency"" may be good for Grab; for you it means they drive around with your food in a bag for longer than 20 minutes. Not a problem if you don't mind cold food. Edit: Grab has discovered spam. Minus another star.",Grab,en
0,positive,positive,all utilities bills payment in 1 app,Touch n Go eWallet,en
0,negative,negative,I reported to Grab a restaurant misleading customers by displaying a full-size pizza photo but delivering only 2 slices. Grab has allowed the restaurant to continue using the full-size pizza photo despite it being misleading.,Grab,en
0,negative,negative,"Đặt xe từ 19h10. Báo có xe chậm nhất 19h22. Mình phải đứng đợi tới 19h20 thì bị hủy chuyến không rõ ràng từ phía tài xế. Bên áp cũng không áp dụng phần giảm giá hay hỗ trợ nào. Lại phải đặt,chờ lại từ đầu",Grab,en
0,positive,positive,please make dark mode version,Touch n Go eWallet,en
0,positive,positive,"Baru download app ni..blm try lgi,tpi klu app ni btl2 mmbantu n mmudahkan,nnti bru tmbah 1 star lgi.",Touch n Go eWallet,ms
0,positive,positive,memudahkan urusan kewangan dalam perbelanjaan,Touch n Go eWallet,ms
0,positive,positive,can be improve.,Touch n Go eWallet,en
0,negative,negative,loading manjang. bodo ke?,Grab,ms
0,negative,negative,Grab Myanmar is exploiting and exploiting Grab Drivers from Myanmar.,Grab,en
0,negative,negative,"SINYAL FULL, KUOTA ADA, SALDO OVO ADA, PESEN GRAB 10 MENIT POSISI DRIVER GA GERAK2, DICHAT GA BALES, SAYA CANCEL TERNYAYA BARANG SDH DIAMBIL, DRIVER MARAH2, LAH APLIKASINYA YANG GA NGELOAD",Grab,en
0,negative,negative,"ngacoo, masa titik nya jadi pindah ke tengah sungai dan berubah ubah dgn sendirinya",Grab,en
-1,negative,negative,"Mart items get remove from your cart and not restored afterward, making it impossible for you to use coupon or promotion in time.",Grab,en
-1,negative,negative,harga makin lama makin mahal. padahal dekat sja tapi harga dh nak menceca 20?,Grab,en
-1,negative,negative,So many terrible drivers,Grab,en
-1,negative,negative,online topup wallet so slow,Grab,ms
-1,negative,negative,sebelum siapkan order pastikan betul jangan main ambik jer tapi salah,Grab,ms
-1,negative,negative,All foreigners are awere from grab taxi drivers. In Phuket i book a ride from patong to chalong in 280 Bath where i was going to see the dolphin show. When I was reached at my destination i gave 200 bath to the drive of car No. 1316 then because i have no 80 bath change in my wallet i gave him again 1000 Bath and ask him to return my 920 my back in mean time he close his car window and ran away from stop. I shouted and run back to him. And i also call him on him cell phn no. Mention on Grab app,Grab,en
-1,positive,positive,"love almost everything in it except the point and the reward, they should make that the point didn't get expired because the reward here is not good and the point need for that is quite high",Touch n Go eWallet,en
-1,positive,positive,app terbaik👍memudahkan rakyat malaysia,Touch n Go eWallet,ms
-1,positive,positive,good for e wallet,Touch n Go eWallet,en
-1,positive,positive,very fast and responsive,Touch n Go eWallet,en
-1,neutral,neutral,"I want to access my vaccination proof, but my account status 'not verify'. How can I get my vaccination details?",MySejahtera,en
-1,neutral,neutral,pening lagy untuk menggunakan kemudahan touch NGO terbaru,Touch n Go eWallet,ms
-1,neutral,neutral,it's rather unfriendly,Touch n Go eWallet,en
-1,neutral,neutral,kenapa selepas update jadi lama bila buka.. terlalu lama loading.. dan sangat berat,Touch n Go eWallet,ms
-1,neutral,neutral,face recognition very unreliable,Touch n Go eWallet,en
-1,neutral,neutral,usefull to book appointment,MySejahtera,en
-1,neutral,neutral,I couldn't find my blood donation records,MySejahtera,en
-1,neutral,neutral,Apa yang ko dh buat? Mana history Data medication aku🤦🏻‍♂️ orng nk buat rujukan ko pegi buang pula,MySejahtera,en
-1,neutral,neutral,mycampion macam mana ni ok,MySejahtera,ms
-1,neutral,neutral,kenapa bahagian health card jadi kosong? padahal ada rekod derma darah sebelum ini.,MySejahtera,en
-1,neutral,neutral,"too many noti, separate it",Touch n Go eWallet,ms
-1,neutral,neutral,terlalu bnyak kmudahan yg dsediakan di TNG ini..,Touch n Go eWallet,en
-1,neutral,neutral,Keep fighting dignity,MySejahtera,ms
-1,neutral,neutral,Kemaskini sistem bahasa kebangsaan negaraku,MySejahtera,ms
-1,neutral,neutral,"Saya booked dental appointment dalam apps mysejahtera tapi kenapa sejak minggu lepas asyik loading je page appointment tu? Appt saya tadi, takdapat saya nak tunjuk Dr saya dah booked appt. Untung saya dah screenshot siap siap",MySejahtera,en
-1,neutral,neutral,one man show,Touch n Go eWallet,en
-1,neutral,neutral,sedikit mem buat saya stress,Touch n Go eWallet,ms
-1,neutral,neutral,To many notifications and popups,Touch n Go eWallet,en
-1,neutral,neutral,"since last 2 month , loading of app to scan to pay getting lagging. whereas Maybank QR Pay instantly can scan.",Touch n Go eWallet,en
-1,neutral,neutral,Kenapa lama sangat pengesahan ni aduh jem jem🙂,MySejahtera,ms
-1,neutral,neutral,May I know where's the blood donor's info?,MySejahtera,en
-1,neutral,neutral,"Delivery Man do not carry any changes with them, But service is good.",Grab,en
-1,neutral,neutral,#payung raja...? Qunin/Qunin🪖,Grab,ms
-1,neutral,neutral,"pesen makan order placed nya lama banget, mau dicancel gak bisa.. masa harus nunggu sejam dulu baru bisa dicancel..",Grab,en
-1,neutral,neutral,"Tarifnya naik, banyak driver di lokasi tp dpt driver yg jauh. Buang2 waktu menunggu.",Grab,en
-1,neutral,neutral,Klau murah sikit lagi bgus,Grab,ms
-1,positive,positive,ya sanggat baik,Grab,ms
-1,positive,positive,"mobil bagus,nyaman dan bersih...pemandu ramah...",Grab,ms
-1,neutral,neutral,kemaskini de email bahru.,Touch n Go eWallet,ms
-1,neutral,neutral,"ia akan lebih baik bila mana semua qr duitnow boleh di scan utk buat pembayaran.. kadang ada yg boleh, kadang tak boleh..",Touch n Go eWallet,en
-1,neutral,neutral,"Kalau ada penunjuk SETIAP TRANSAKSI baki sebelum, jumlah pembayaran dan baki semasa",Touch n Go eWallet,en
-1,neutral,neutral,What happened to the blood donor section?,MySejahtera,en
-1,neutral,neutral,"𝑺𝒕𝒐𝒑 𝒖𝒑𝒅𝒂𝒕𝒆 𝒍𝒂𝒉, 𝒃𝒖𝒌𝒂𝒏 𝒅𝒊𝒈𝒖𝒏𝒂𝒌𝒂𝒏 𝒍𝒂𝒈𝒊 𝒔𝒆𝒌𝒂𝒓𝒂𝒏𝒈 😅",MySejahtera,ms
-1,neutral,neutral,blood type and number of blood donation records missing,MySejahtera,en
-1,neutral,neutral,"I dunno why the app keep having ""internet connection is now offline"". so how am I wanna check my next appointment?",MySejahtera,en
-1,neutral,neutral,Appointment slot for dental are very limited.,MySejahtera,en
-1,neutral,neutral,"Làm UX khó xài, nhiều menu ẩn. Muốn edit lại review chả biến lần vào đâu. Nói chung app ngu vkl",Grab,en
-1,neutral,neutral,"ini habis update ko malah nge lack terus ya, diminta cek koneksi. apps lain normal aja",Grab,en
-1,neutral,neutral,Tk boleh buka.. Beli sim baru.. Tpi nombor masih customer yang lama pakai.. Baik tk payah jual sim maxis ni.. Susahkan orang nk buka halaman ni.. Baik pakai celcom agi bagus,Grab,ms
-1,neutral,neutral,Selalu berubah ubah kereta. Sepatutnya 1 warna sudah memadai,Grab,ms
-1,neutral,neutral,ayaw ninyo ng cash gusto cashless hays,Grab,en
-1,neutral,neutral,"💯Belum cuba belum tauk,,",Grab,ms
-1,negative,negative,useless when emergency,Grab,en
-1,negative,negative,oder laju tapi masalah pembayaran allah jalan kaki 14 minit ja sekali oder grab harga yahudi sampai 30 lebih 27 ringgit allah,Grab,ms
-1,negative,negative,grab ni ok tapi asyik mahal je memanjang,Grab,ms
-1,negative,negative,sobrang pricey na ng pamasahe ng grab jusko. overpriced. 🥹😭😭,Grab,en
-1,neutral,neutral,tolong penggunaan TnG d uprage macam boost semua boleh scan🥲,Touch n Go eWallet,ms
-1,neutral,neutral,saya baru mula,Touch n Go eWallet,ms
-1,neutral,neutral,"No good. 2nd incident. I wanted to fill RM55. I opened Caltexgo to check my Budi to ""Pump & Pay"" using TnG paying RM111.11 Maybe I picked up the pump too early due to my son distracting me, and no petrol came out. I had to come out with another RM50 cash to fill my car up. I think Shell has a better fool proof system.",Touch n Go eWallet,en
-1,neutral,neutral,Becareful always follow the official guidelines to verify is it got malware or malicious apps .,Touch n Go eWallet,en
-1,neutral,neutral,"for rides, it doesn't seem like the map is accurate.",Grab,en
-1,neutral,neutral,grab letak location jalan salah :/,Grab,en
-1,neutral,neutral,ok lah walaupun caj terlalu tinggi tapi terpaksa guna lah...tq for CEO MANAGER GRAB,Grab,ms
-1,neutral,neutral,"paylater is very convenient feature. but the payment to paylater is annoying if we don't bind a card to grab. if we want to top up from bank, it doesn't allow us to top up the exact amount, eg 83.23, but we have to top up 84 instead. and why do we have to top up and then only pay? shopee paylater can straight pay the amount via online banking! fix it please, it annoys me every month till I have to change my 5 stars review to 3 stars. thank you",Grab,en
-1,neutral,neutral,"harga berpatutan, driver juga mesra dan ramah.",Grab,ms
-1,neutral,neutral,"lotteria cancels on me and the app wont give me my voucher back, so yeah",Grab,en
-1,neutral,neutral,เรียกรถยากมากค่าาา รอสามสิบนาทีตลอดเลย มันแอบนานนะ ถ้าเรารีบต้องการด่วนงี้ แม้จะเผื่อเวลาแล้วก็นานค่ะ,Grab,en
-1,neutral,neutral,To many notifications,Grab,en
-1,neutral,neutral,why didn't have touch n go payment?,Grab,en
-1,positive,positive,sangat membantu ni,Grab,ms
-1,positive,positive,nice platform for taxi and food🙏🙏🤗,Grab,en
-1,positive,positive,saya sangat gembira kerana dengan pas grab dapat memudahkan orang,Grab,ms
-1,positive,positive,pemanduan yg cemerlang,Grab,ms
-1,positive,positive,"I hope Grab team can consider allowing small dogs like toy poodles in standard Grab cars, as long as they are properly contained (carrier or seat cover). GrabPet seems more suitable for large dogs, and the fare can be too high for small, well-behaved pets. This change would make trips more affordable and convenient for pet owners while still respecting drivers. Or maybe add GrabPet for 4-seater :)",Grab,en
-1,positive,positive,Location stalls quite often. But overall very good,Grab,en
-1,positive,positive,Perkhidmatan yg cepat,Grab,ms
-1,negative,negative,grab tolong lah lokasi terpencil macam kampung ke sy susah nak pergi guna grab,Grab,ms
-1,negative,negative,penghantaran yang mahal,Grab,ms
-1,negative,negative,poor help support service,Grab,en
-1,neutral,neutral,"i have to update the app when i really have to go somewhere, and it took so long. pls gave choice to update it sometime later",Grab,en
-1,neutral,neutral,"Saya di sini untuk meminta tolong... Kembalikan kredit untuk topup ""CELCOME""😭 saya sedang sulit nak topup internet celcome untuk teruskan monthly internet",Grab,ms
-1,neutral,neutral,Is the grab system down now ?,Grab,en
-1,neutral,neutral,"Laging kina cancel is booking, choosy din un ibang driver e",Grab,en
-1,negative,negative,I can't verify,Touch n Go eWallet,en
-1,negative,negative,"Unable to reload my My50 Pass. The payment was successful, but the reload amount was refunded back to my account a few minutes later.",Touch n Go eWallet,en
-1,negative,negative,"Saya buat akaun recovery .Akaun saya dah disahkan dan tidak dapat dipulihkan juga walaupun menggunakan nombor yang dah dikemaskini, dan emel yg sama.",Touch n Go eWallet,ms
-1,neutral,neutral,"kurang bgt, malah ngasih driver yang masih ada orderan, redup aja redup",Grab,en
-1,positive,positive,apps yg terbaik..,MySejahtera,ms
-1,positive,positive,trouble with connection of my payment card but otherwise a great app,Grab,en
-1,positive,positive,Sangat sangat baik terima kasih..,Grab,ms
-1,positive,positive,The driver is very nice and polite. Highly recommended.,Grab,en
-1,positive,positive,wow it's very nice 👍,Grab,en
-1,positive,positive,"pretty good overall, but had 3 drivers in a row cancel this morning. also, the actual time until the drive shows up is regularly 2x as long as the estimate shown initially.",Grab,en
-1,positive,positive,best service this app,Grab,en
-1,positive,positive,The old UI was more seamless with nested transport types under one. whoever made this change to separate tuktuk from car is just silly and is why I am reducing to 4 star. otherwise happy with the service.,Grab,en
-1,positive,positive,Terima kasih servis yang baik,Grab,ms
-1,neutral,neutral,ice latte tawar and pahit,Grab,en
-1,negative,negative,saya punya akaun pun tak boleh buka dah lah duit saya ada dalam tu,Touch n Go eWallet,ms
-1,negative,negative,Just for transaction purpose. Rewards and point collected is not attractive.,Touch n Go eWallet,en
-1,negative,negative,"Horrible cs whatsapp for go invest principal, ending chat without follow up email | Always have scammy programs like Buzz that loves rugpull",Touch n Go eWallet,en
-1,negative,negative,"kenapa saya nak login ACC saya tidak dapat, dia nyatakan permintaan anda tidak berjaya.",Touch n Go eWallet,ms
-1,negative,negative,"saya ada pernah buat account tng,and saya sign dekat nombor lama, tapi saya lupa saya pakai account google yang mana,boleh tak bantu saya",Touch n Go eWallet,ms
-1,positive,positive,good taxi service,Grab,en
-1,positive,positive,easy to use,Grab,en
-1,positive,positive,Best juga offers grab food ni,Grab,en
-1,positive,positive,grab terbaik dalam keadaan saya takde duit saya boleh naik grab dangan bayaran grabpay latter.. terimakasih grab mudahkan keadaan saya,Grab,ms
-1,negative,negative,the verification takes ages come on there are many more user friendly apps,Touch n Go eWallet,en
-1,negative,negative,latest update worst,Touch n Go eWallet,en
-1,negative,negative,daftar dengan ID KTP indonesia mengapa tidak bisa selalu berulang dengan sahkan akun,Touch n Go eWallet,ms
-1,negative,negative,Where is tng card options. Why did u remove. How to top up tng card then!!.... U show those useless stuff to us for what?,Touch n Go eWallet,en
-1,negative,negative,masuk kan aplikasi yang tidak mau kena langgan lepas tu kena pay direct tiba tiba,Touch n Go eWallet,ms
-1,negative,negative,"the app is okay, but when I was buying my prepaid through tng, I had 15 in it so I decided to brought Rm5 for 5days. they decided to deduct Rm10??? for no reason. mind telling me why?",Touch n Go eWallet,en
-1,negative,negative,"after update, with new ux, now it is not easy to find icon to reload tng..you just spam us with lot of rubbish..im wonder what type of programmer or web designer u hire..almost zero knowledge in user exp..fix this!!!",Touch n Go eWallet,en
-1,negative,negative,akaun lama tak ada lagi sebab dh tukar nombor telefon.nak buat akaun baru tak dapat macam mana nak buat akaun baru.,Touch n Go eWallet,ms
-1,negative,negative,grab harga sangat mahal,Grab,ms
-1,negative,negative,bila pakai my id kene berulang ulang masuk pasword strees hari ni temu janji tapi xboleh buka,MySejahtera,ms
-1,positive,positive,WOW. AWESOME MYSEJAHTERA APP JUST GOT UPDATED WITH FUTURISTIC HIGH-TECH LOOKING!,MySejahtera,en
-1,positive,positive,Soo good ❤️😘😍😘😊👍,MySejahtera,en
-1,positive,positive,menstabilkan kesihatan terbaik.,MySejahtera,ms
-1,positive,positive,user friendly n helpful,MySejahtera,en
-1,negative,negative,"Tolong betulkan semula mana yang kurang.. saya nak buka mysejahtera ni untuk buat saringan pra perkahwinan pun ambil masa lama.. on WiFi barulah laju.. kalau saya dah sampai ke KK yang saya buat temu janji, dan sukar untuk dibuka dengan line internet sendiri, agak melengahkan masa disitu sedangkan buka apps lain tiada masalah Tanpa WiFi.. betulkan semula agar senang dibuka.. edit: storage saya tak penuh.. hari2 saya clean",MySejahtera,en
-1,negative,negative,kat bahagian mana yg sijil vaksin ni..cari tak jumpa,MySejahtera,ms
-1,negative,negative,tidak boleh guna pon app ni.... loading je...,MySejahtera,en
-1,negative,negative,"panggil saya book appointment,tapi hari2 tak ada slot",MySejahtera,en
-1,negative,negative,"I cannot make an appointment. The webpage always on loading. Even after updating the new version within this week, still back to the loading page.",MySejahtera,en
-1,negative,negative,"AppLikasi ini sudah lama tidak aku muat turun, Macam mana untuk saya buka sudah lup!?",MySejahtera,ms
-1,negative,negative,"The app keeps telling I'm offline when I'm using mobile data, but it works fine when I'm using wifi…… please fix this……",MySejahtera,en
-1,negative,negative,Macam mana cara nak kemaskini emel baru?..saya sudah tidak pakai emel sebelum nya,MySejahtera,ms
-1,negative,negative,rekod vaksin saya tidak dapat di buka.. terlupa kata laluan,MySejahtera,ms
-1,negative,negative,Saya terluka kata laluan..tapi tak dapat apa-apa email atau masej untuk resit,MySejahtera,ms
-1,negative,negative,pulih tng saya ...susah n transfer duit,Touch n Go eWallet,ms
-1,negative,negative,sye x dpt msuk guna no fon baru,Touch n Go eWallet,ms
-1,positive,positive,i love this App,MySejahtera,en
-1,positive,positive,Maklumat kewangan aku..apakah kamu tahu mygov..?tanya dahulu itu lebih baik.dari pada mengambil keputusan tanpa persetujuan hak hidup sebagai manusia..,MySejahtera,ms
-1,positive,positive,mudah dah sekarang guna mysejahtera....,MySejahtera,ms
-1,positive,positive,Terbaik untuk saya selesaikan semua masalah.sangat senang.,MySejahtera,ms
-1,positive,positive,Implementation of budi and mykasih is good,Touch n Go eWallet,en
-1,positive,positive,ok laaa bagus lain kali upgrade lama supaya semua bank boleh dapat,Touch n Go eWallet,en
-1,positive,positive,the app is good but i dont know how to update covid test status,MySejahtera,en
-1,negative,negative,dah hampir 3 tahun tak dapat akses,MySejahtera,ms
-1,negative,negative,macam bodoh takleh login,MySejahtera,en
-1,negative,negative,tak boleh tekan nama untuk buat temu janji 😑,MySejahtera,ms
-1,negative,negative,"i can't even book for appointment. i keep click on my name for booking but nothing keluar. its been a months, i have report on helpdesk but nothing change. im sick of this !!",MySejahtera,en
-1,negative,negative,Ada apps da bagus da. Tp sistem tk updated. Vacine dah amik tkde rekod. Lab test tak masuk. Belum cerita pasal booking system. Nak booking xde slot. Bila call klinik ada je kosong. Tak sycronize langsung.,MySejahtera,en
-1,negative,negative,meyusah org..cari sijil vaksin tak jumpa jumpa.,MySejahtera,ms
-1,negative,negative,"saya dah kemaskini mysejahtera, kenapa tak boleh tengok bahagian profile",MySejahtera,ms
-1,negative,negative,sometimes the facilities health not appear and all appointment are not available to book,MySejahtera,en
-1,negative,negative,I can't use,MySejahtera,en
-1,negative,negative,Cannot login via Mydigital id. Try reset pass also cannot said doesn't match. Try register said already in system. Please help ASAP.,MySejahtera,en
-1,negative,negative,tgah bukak app.. tetiba app log out.. dah kenapa.. app my sejahtera ni.. sblom ni okay je. Minta perbaiki pengurusan app my sejahtera ni.. jgn menyusahkan rakyat bila khidmat ni diperlukan.. chooii !! 😤🤬😡,MySejahtera,ms
-1,positive,positive,So easy for me,Touch n Go eWallet,en
-1,positive,positive,after everything solve the review will came in. At the moment it's quite good experience,Touch n Go eWallet,en
-1,positive,positive,Ianya akan dapat membantu nanti,Touch n Go eWallet,ms
-1,positive,positive,"terbaik lahh, memudahkan",Touch n Go eWallet,ms
-1,positive,positive,terbaik tapi bagi la bonus ke,Touch n Go eWallet,ms
-1,positive,positive,simple n easy,Touch n Go eWallet,en
-1,positive,positive,Payment is smooth sailing. Feel safe only if it is really secured.,Touch n Go eWallet,en
-1,positive,positive,"Touch nGo eWallet provides a convenient cashless payment solution. Transactions are quick, secure, and suitable for daily use.",Touch n Go eWallet,en
-1,positive,positive,It would be nice for the app to have dark mode,Touch n Go eWallet,en
-1,negative,negative,lepas kemaskini mysejahtera versi terbaru rekod vaksin hilang.,MySejahtera,ms
-1,negative,negative,saya sekarang duduk KL nk balik nanti nk check gigi nk buat appointment check gigi di Kelantan search tk keluar apa pon search Kelantan pon xde keluar tkkan xde klinik gigi kt Kelantan,MySejahtera,en
-1,negative,negative,Dah bnyk kali nak tekan kata laluan mesej tak sampai²,MySejahtera,ms
-1,negative,negative,"I dont know why, but this app ,after updating, it didn't work anymore. when i want to make an appointment from here to go to clinic, it didn't show my name anymore. When i enter the appointment, it just looks like loading for the entire time.. even though my internet is fast.. ill try using wifi, but it just the same.. please fix this problem. I hve tried to uninstall and reinstall again, but it doesn't work either..please fix it asap..... Tq",MySejahtera,en
-1,negative,negative,penghantaran yang lambat 👎,Grab,ms
-1,negative,negative,"Tutup je lah Apps nie,nak Login pun payah",Grab,ms
-1,negative,negative,it's an ok app but the notifications are broken and they continously send to my watch,Grab,en
-1,negative,negative,Used grab transport almost everyday and no matter how advance i book i still will get driver after more than 10mins plus another 17mins for them to pick me up. and that is just the ETA. Actual duration from booking to pick up is actually over 30mins. i have proof and it happen alot :(,Grab,en
-2,positive,positive,so easy and so helpful for me,Touch n Go eWallet,en
-2,positive,positive,"“The app is simple to use and provides a smooth payment experience with good security features. It also supports QR payments, making transactions quicker and more efficient in daily life.”",Touch n Go eWallet,en
-2,positive,positive,"mudah sekali, masa pun jimat",Touch n Go eWallet,ms
-2,negative,negative,hate the fact that you cant used the app without setting up a passkey,Grab,en
-2,negative,negative,"Too Bad... Since I really use my Grab all of sudden they made changes which abolish all my previously collected points around 10,000 points. Stupid management",Grab,en
-2,negative,negative,"stupid your app, no guarantee for lower price, just greedy people",Grab,en
-2,negative,negative,sudah tiada grab coin kah percuma bayar grab coin bodoh percuma aku active grab coin tapi bila diguna langsung tidak ada grab coin,Grab,ms
-2,positive,positive,great and easy,Touch n Go eWallet,en
-2,negative,negative,stuck on set up passcode. unable to use app for a few months now. better use food panda,Grab,en
-2,negative,negative,tak memuaskan hati saya tidak dapat buat loan apa yang nak masih lagi tak dapat,Grab,ms
-2,negative,negative,kenapa harga greb tak sesuai kadang mahal,Grab,ms
-2,negative,negative,"mysejahtera rosak,saya punya vaksin covid terus hilang, saya punya",MySejahtera,ms
-2,negative,negative,"Horrible app where nothing works. A sure sign that KKM is collapsing, but no one in power really cares.",MySejahtera,en
-2,negative,negative,apps tak boleh sign in dgn myDigital id.. FIX IT NOW !!!,MySejahtera,en
-2,negative,negative,payah sudah saya log in susah juga mau masuk² apa ni. Tokong lah sikit,MySejahtera,ms
-2,negative,negative,"the apps itself is fine and all. but, the problem is, The facility showed is avaioable, but the date even if its Next month also No avaipable.is the double standaed even Get its own waay to Govermentbapp as well?",MySejahtera,en
-2,negative,negative,Loading teruk nak buat appointment pun tak boleh,MySejahtera,ms
-2,negative,negative,"Susah nak tukor id baru, yang id lama dah hilang",MySejahtera,ms
-2,negative,negative,the system getting worse and I cannot use any ringgit in this app.... is getting worse by the second... I maybe not want to use this app anymore...,Touch n Go eWallet,en
-2,negative,negative,"Tak cerdik punya developer applikasi ni...nak topup kad tng pun payah nak cari feature tu. Jual kad RFID, tadi nak topup dgn apps pun sukar.",Touch n Go eWallet,en
-2,negative,negative,"bodoh la korang ni,sial betul aku betul betul kecemasan nak bayar rumah sewa,so aku beli lah pin tng,tp lansung tak boleh hantar,ehh ikut suka kitorang lah nak buat apa dengan duit kitorang,yg korang ni memandai pula tak bagi transfer,ibarat korang mencuri duit pelanggan sial,dah masuk dalam apps korang lps tu korang pula yg atur kan apa yg boleh dan apa yg tak boleh dengan duit org??apa la bodoh sngt,dah kenapa pula aku beli pin tng dgn sampah ke bodoh?aku beli dgn duit hasil titik peluh aku,",Touch n Go eWallet,ms
-2,negative,negative,tolonglah time xda cash .harap duit dlm tng saja. masa 2 pulak akaun secure ntah ap lh......x bleh guna sma sekali......rasa mcm nak memaki smpi nenek moyang tng.....geram nya ak.....,Touch n Go eWallet,ms
-2,negative,negative,asal aku dah login tulis akun tidak berjaya tng ni bodoh ke,Touch n Go eWallet,ms
-2,negative,negative,"password aku dah tulis betul tiba² dia cakap salah, tak pasal² kena tukar password dengan tunggu 3 jam",Touch n Go eWallet,ms
-2,negative,negative,latest update theres no card optional to topup.. very difficult to topup card.. give us back button card infront UI,Touch n Go eWallet,en
-2,negative,negative,"tak tahu kenapa saya tak boleh nak buat appointment melalui mysejahtera. pergi kk pergigian, nurse guide install mydigital id then reinstall mysejahtera dan cuba nak link dgn mysejahtera, bila nak logout, tak response. dah restart phone, sama jugak tak response.. macam mana nak buat? contact no pun tak ada nak tanya dan rujuk.. help!!",MySejahtera,en
-2,negative,negative,"Mytrip QR code can only last for 30 seconds really annoying, this cause a lot inconvenience when your internet isn't stable and you're unable to generate QR code.",MySejahtera,en
-2,negative,negative,This last updqte is a real mess. Cant find tng card and transactions section. All layout is changed . Its a big mess in main page.,Touch n Go eWallet,en
-2,negative,negative,"recent update put useful mini apps to dormant. change of UI and buttons not for ease of usage but to force as much ads as possible to users. the TnG card button is no where to be found, probably hidden somewhere, thou can still be viewed with search bar. worst UI development team ever, you need to get them replaced.",Touch n Go eWallet,en
-2,negative,negative,"This new version is kinda bad, I tried to use auto debit payment to pay apple+ service but it was still pending even though I already top up some money to my ewallet. It's been pending for a few days I don't know how to settle those payments, I linked to my ipad and unlinked a lot of times and it still can't pay the pending payment, I wish I can pay it manually so that it won't stay pending in my account. If the pending payment has been settled, I don't think I will use this app anymore.",Touch n Go eWallet,en
-2,negative,negative,"kenapa aku dah log in pastu hujung hujung dia kata , (masalah telah berlaku, sila cuba lagi , sila semak dokumen anda), aku dah cuba banyak kali dah, daripada restore pasti download balik pun tak boleh. terpaksa bagi 1 bintang.",Touch n Go eWallet,ms
-2,negative,negative,"The system is bad now, looking for a standard car, no one will take it, while the standard express car is twice the price, it's a pain",Grab,ms
-2,negative,negative,i have a massive problem with their transaction like what do you mean i have to wait for an hour to receive the money I've topped up .,Grab,en
-2,positive,positive,"i like this app, easy and useful",Touch n Go eWallet,en
-2,positive,positive,"terbaik ..setakat ini, naik taraf lagi pada masa-² hadapan.very good, E'wallet digital..",Touch n Go eWallet,ms
-2,negative,negative,"Subject: Dispute on Unauthorized Auto-Debit Transaction - RM29.90 ​Dear Touch 'n Go eWallet Support Team, ​I am writing to report an unauthorized auto-debit transaction of RM29.90 by the merchant ToolX Digital Limited, which occurred on 02/06/2026 at 8:30 PM. ​This is an unauthorized subscription that I did not sign up for. The merchant has made multiple failed billing attempts in the past due to insufficient balance, and they successfully deducted RM29.90 recently when my wallet was reloaded. ​",Touch n Go eWallet,en
-2,negative,negative,grab ok...tapi harga makin mahal..sedangkan dekat jer .melampau kadang2..tolonglah turun kan harga sikit...dekat jer pun!!!bukan nk g jauh...makin mahal!!!,Grab,ms
-2,positive,positive,Excellent and very helpful for the new traveller's who need guidance,Grab,en
-2,negative,negative,sedih nya..dh kemaskini terus ada masalah ..sebelum kemas kini ok ja tng ni..,Touch n Go eWallet,ms
-2,positive,positive,verry good . is easy,Grab,ms
-2,negative,negative,skrang grab susah kan org.limpas dari jam 12 TGH malam dah tak boleh bayar cash.so kami yg tak ada bank online susah nak keluar sampai TGH malam.harap boleh d pertimbangkan lagi.,Grab,ms
-2,positive,positive,best mudh jimat,Touch n Go eWallet,ms
-2,positive,positive,"this new version looks awesome and beautiful. Great UI, looks modern and robust. great job team",MySejahtera,en
-2,positive,positive,"mudah, cepat n memuaskan",Grab,ms
-2,positive,positive,Terbaik dan mantap,MySejahtera,ms
-2,positive,positive,"nice app, helpful and simple",Grab,en
-2,positive,positive,"Grab is a very useful app for transportation and food delivery. The service is convenient, dependable, and makes daily activities much easier.",Grab,en
-2,positive,positive,Saya suka Dan mudah untuk saya membuat tarnsaksi❤️❤️,Touch n Go eWallet,en
-3,positive,positive,Fast rides and deliveries with clear pricing. Smooth and reliable,Grab,en
-3,positive,positive,awesome. fast and reliable keep it up,Touch n Go eWallet,en
-3,negative,negative,"menyusahkan orang jak, mau buat temu janji endk dpt app apa ni , mau tukar nombor fon pun susah , mau masuk 3 tahun suda endk bole buat temu janji, jumpa doktor gigi pun susah sikit sikit mysejahtera, ini bukan mensejahtera kan menyusahkan adalah",MySejahtera,ms
-3,positive,positive,nice apps. easy to use. easy to book a car and fast service.,Grab,en
-3,negative,negative,"I always face this issues and I don't understand why. theres always pending transaction in my ewallet for toll payment, although I always have sufficient balance in my nfc tngo card, its annoying seems like I have debt with tngo. please fix this error",Touch n Go eWallet,en
-3,negative,negative,kenapa tng saya tak boleh nk tukar no pin.. sbb saya lupa no pin tu,Touch n Go eWallet,ms
-3,positive,positive,"penggunaan grab memang terbaik dan berbaloi, senang dan Ok.",Grab,ms
-3,positive,positive,"Touch 'n Go eWallet has made cashless payments so convenient in Malaysia! From paying tolls and parking to splitting bills and online shopping, it handles everything with ease. The GoPayLater and GoInvest features are excellent additions that make it more than just a payment app. Top-ups are instant and the cashback deals are genuinely great value!""",Touch n Go eWallet,en
-3,negative,negative,Terrible app: cannot change phone number as it gives unspecified errors. No way of reaching out to anyone about this. Even the process to leave feedback on their app is laughable: the keyboard overlaps the box you're typing in.,Grab,en
-3,negative,negative,I've no problem with GRAB SERVICES so far! overall is good! but the application ask me and need to UPGRADES time over the times..again n again! in fact there's not much change into the application after I get the upgrade! wasting my prestige time and my prestige internal memory of my phone!!! it sucks!,Grab,en
-3,positive,positive,mudah dan cepat...senang nak pergi ke mana sahaja,Grab,ms
-4,negative,negative,"Driver and food were fine, but Grab's system is a joke. Why route my order to Parada when there are closer Chooks-to-Go branches in Paso and Poblacion? Your broken algorithm forced an absurd 45-minute wait time for pre-cooked liempo that just needs chopping. Worst of all, you charged a ridiculous ₱81 delivery fee on a ₱290 order—a 30% markup! Premium fees for garbage logistics. Fix your app!",Grab,en
-4,negative,negative,"boleh tak jangan rompak duit orang, letak kat tempat aku tak boleh nak gune, boleh tak jangan letak duit aku kat go plus sampai aku tak boleh makan sebab insufficient fund, bukan semua orang kaye",Touch n Go eWallet,en
-5,negative,negative,"menyusahkan pengguna la app ni.. dulu tinggal masuk ic dh boleh log in, skrng nak log in pun tak boleh ,dah buat baru pun tak boleh.. tak keluar apa2 bila tekan log in asik2 suruh tunggu 3minit ,dah tunggu pastu fail .. bodo siak yang buat app ni.. aku nak semak tarikh masa ambik covid je pun .. sampah tak reti buat app👎👎👎👎👎👎👎👎👎",MySejahtera,ms
-6,negative,negative,"A+Rewards can't purchase the vouchers with pop up T& C error issue like Reload Pin vouchers and Taobao vouchers from last night until now still not solved yet. Recently, A+ Reward purchase vouchers payment system also usually failed pop up E Wall payment method error. Why the Technical Support of the system can't detect the problems immediately and solved it immediately? poor support",Touch n Go eWallet,en
