keep,verified_label,label,rating,app,language,text,review_id,thumbs_up,date,source
1,positive,positive,5,Touch n Go eWallet,ms,sangat baguss ini,0d5ae72b-aae0-4a8e-aecf-f875d67d24c6,0,2026-06-17 22:00:36,Google Play
1,positive,positive,4,Touch n Go eWallet,en,great and easy,984560b5-7889-4514-9b81-4cf3a8df49de,0,2026-06-05 11:20:04,Google Play
1,positive,positive,5,Touch n Go eWallet,en,i have been using more touchngo since last year and it have been really convenience using it. it merge many service on one app,195e190c-4cd1-48c1-ad80-a7d413f37fc0,0,2026-06-18 01:38:48,Google Play
1,positive,positive,4,Touch n Go eWallet,ms,Alhamdulillah mudahkan urusan,24bd660a-a699-499b-ac41-87ca7462ea01,0,2026-05-12 08:28:08,Google Play
1,positive,positive,5,Touch n Go eWallet,en,awesome. fast and reliable keep it up,f917c0f2-7613-4592-80e2-f2b1667b2a23,0,2026-06-20 15:06:24,Google Play
1,positive,positive,4,Touch n Go eWallet,en,"After the previous update, the app took forever to load",db19ae23-b432-49f7-93bc-dc376b44ca84,0,2026-06-09 13:01:08,Google Play
1,positive,positive,4,Touch n Go eWallet,ms,"kejap bole bukak pastu tetiba je apk xleh buka sebab ubahsuai, apa yg ubahsuainya",d58f4d4e-e50c-4943-aa05-134b16e8b5de,0,2026-05-11 19:36:19,Google Play
1,positive,positive,5,Touch n Go eWallet,en,very fast and responsive,7bb6e58b-5694-4777-ab50-68126ade12d1,0,2026-06-19 21:41:27,Google Play
1,positive,positive,5,Touch n Go eWallet,en,Works perfectly for the Redmi A5. Thank you for fixing my problem!!,6bb5e4eb-738a-4fd3-9c12-96c34d161b27,19,2026-06-19 19:10:01,Google Play
1,positive,positive,4,Touch n Go eWallet,en,good for e wallet,61390c4a-03c7-4456-bddc-a8ff30bed175,0,2026-06-05 12:56:24,Google Play
1,positive,positive,5,Touch n Go eWallet,en,so easy and so helpful for me,760fe85a-3f0a-4aaf-8006-5bfedb1c1013,0,2026-06-21 10:28:51,Google Play
1,positive,positive,5,Touch n Go eWallet,en,"“The app is simple to use and provides a smooth payment experience with good security features. It also supports QR payments, making transactions quicker and more efficient in daily life.”",b6e615db-7471-4cc9-88e3-45b2ec1c79d0,0,2026-06-18 14:27:12,Google Play
1,positive,positive,4,Touch n Go eWallet,ms,app terbaik👍memudahkan rakyat malaysia,2da479c8-a69f-47e4-bc51-2737e99a6adc,0,2026-05-22 06:45:01,Google Play
1,positive,positive,5,Touch n Go eWallet,ms,"mudah sekali, masa pun jimat",e3d2ea4f-c738-438c-80c3-42ee46baa7d8,0,2026-06-21 12:28:13,Google Play
1,positive,positive,5,Touch n Go eWallet,ms,tng tusah betul nak pindah kan dari hp lma ke hp bru...kalau bolh jangn lh guna nbe pin log in..scam muka dan ic pun dah cukup untuk bukti yg kita ni bukan orng lain nak log in..,28d49b51-404c-4520-8a5c-2370ebc822c1,0,2026-06-18 08:27:39,Google Play
1,positive,positive,5,Touch n Go eWallet,en,tq... alright 👌,10fe1dc8-2af6-475a-a22c-6e9544177289,0,2026-06-19 22:04:00,Google Play
1,positive,positive,4,Touch n Go eWallet,en,"love almost everything in it except the point and the reward, they should make that the point didn't get expired because the reward here is not good and the point need for that is quite high",d1b123e3-f9cd-49d3-831d-342c960a8506,0,2026-05-30 20:28:13,Google Play
1,positive,positive,5,Touch n Go eWallet,en,all utilities bills payment in 1 app,0bf27ef4-8850-4673-802f-e1d0ee77aea2,0,2026-06-19 13:58:38,Google Play
1,positive,positive,5,Touch n Go eWallet,ms,terbaik tapi bagi la bonus ke,c8ea1c54-a84c-4d04-a1fd-a76c30c2262a,0,2026-06-19 22:36:26,Google Play
1,positive,positive,5,Touch n Go eWallet,en,"Terima kasih mudahkan urusan, bagi kami penduduk kampung",8059b0e2-cd54-4792-b0bb-b4e4f4e1fde6,0,2026-06-18 19:19:02,Google Play
1,positive,positive,4,Touch n Go eWallet,en,hopefully the scanning page load faster ok. now resolved,280dfd35-4eb5-47c8-bc12-6736c5b5f089,0,2026-06-09 20:08:03,Google Play
1,positive,positive,5,Touch n Go eWallet,ms,"terbaik lahh, memudahkan",da0e1d97-95e8-49b2-87dd-1a8c84f85102,0,2026-06-20 23:35:38,Google Play
1,positive,positive,4,Touch n Go eWallet,ms,Ianya akan dapat membantu nanti,a040abbe-1114-45f9-8752-3af3fda51991,1,2026-04-17 12:11:22,Google Play
1,positive,positive,4,Touch n Go eWallet,ms,best mudh jimat,3fdabff3-8d6d-4931-b203-899dde422f49,0,2026-04-14 06:25:01,Google Play
1,positive,positive,5,Touch n Go eWallet,en,ok ok ok rm50. (rm49.50!),84298e1d-a31b-4178-ba77-03f1de95e2c8,0,2026-06-20 15:15:32,Google Play
1,positive,positive,4,Touch n Go eWallet,en,after everything solve the review will came in. At the moment it's quite good experience,e94ee272-79e2-4b3e-949a-6832ccccfc05,0,2026-05-13 17:43:56,Google Play
1,positive,positive,4,Touch n Go eWallet,en,The app was improved by a long mile since it was first introduced. the thing lacking was the security similar to banking sector level of security.,bd5d9cb8-afea-4be7-84b1-8cd214219a17,0,2026-06-11 00:41:30,Google Play
1,positive,positive,4,Touch n Go eWallet,en,not straight forward enough,da0dc1f6-3cf1-4038-a6fd-e2c8ebb516cb,0,2026-06-16 12:00:33,Google Play
1,positive,positive,4,Touch n Go eWallet,en,So easy for me,39abe94f-30af-4e01-9f86-7b7a0e4aeebe,0,2026-05-31 07:23:45,Google Play
1,positive,positive,5,Touch n Go eWallet,ms,memudahkan urusan kewangan dalam perbelanjaan,6e1361f5-2586-46d3-8f04-100b87366b4a,0,2026-06-19 22:40:52,Google Play
1,positive,positive,4,Touch n Go eWallet,en,"i like this app, easy and useful",811c0677-bb20-437f-9c4b-66e522a8c098,1,2026-05-26 21:23:09,Google Play
1,positive,positive,4,Touch n Go eWallet,ms,"Baru download app ni..blm try lgi,tpi klu app ni btl2 mmbantu n mmudahkan,nnti bru tmbah 1 star lgi.",c485b163-e102-4340-bf5c-7b71cb7aa610,2,2026-05-12 02:13:58,Google Play
1,positive,positive,4,Touch n Go eWallet,en,please make dark mode version,41853be6-6e9b-4379-9fc9-bf17edcdcf2d,1,2026-05-21 02:05:24,Google Play
1,positive,positive,4,Touch n Go eWallet,en,can be improve.,3aaec474-1912-46f5-a3d3-b74c338eaf37,0,2026-06-06 19:41:45,Google Play
1,positive,positive,4,Touch n Go eWallet,en,"baru update apps ni, tpi makin pening, skrg mmg dh x boleh top up card tngo guna nfc ke mcm mne, sbb dh xde button utk card tngo tu",9e7c915a-4252-4bc7-b44a-aa4f68bdaff6,1,2026-06-10 23:42:18,Google Play
1,positive,positive,5,Touch n Go eWallet,ms,saya penah guna ewallet tapi dah lama x buka bila nak buka balik nombor telifon dah bertukar jadi x lepas buat macam mana buat ya,8ecb1aff-eeb5-4f4f-a9fb-2ef174e05b78,0,2026-06-16 12:56:25,Google Play
1,positive,positive,4,Touch n Go eWallet,ms,x boleh bayar bil elektrik dan banyak pulak iklan,0dc58ae5-3633-452e-967a-25a792ea94b8,2,2026-04-16 07:52:34,Google Play
1,positive,positive,4,Touch n Go eWallet,en,ok laaa bagus lain kali upgrade lama supaya semua bank boleh dapat,96a2b5b6-cc2e-4b72-bf96-d5bf5e6bb485,0,2026-05-15 22:47:48,Google Play
1,positive,positive,5,Touch n Go eWallet,ms,"Can't see TNG APP,",0756ba1d-9858-45a4-b579-6c3cd2636a89,0,2026-06-21 09:12:41,Google Play
1,positive,positive,4,Touch n Go eWallet,ms,knp ACC lama saya tak blh nk buka sy tukar fon. fon lama hilang katalaluan sy dh masuk kan yg btl2 saya je tak blh nk masuk jgk knp ye,91a62e79-8fc7-41f5-aa53-6a9609774327,3,2026-06-19 04:30:19,Google Play
1,positive,positive,4,Touch n Go eWallet,ms,"terbaik ..setakat ini, naik taraf lagi pada masa-² hadapan.very good, E'wallet digital..",8c78d159-a137-45aa-8f35-bed39af73c26,0,2026-05-12 10:10:48,Google Play
1,positive,positive,5,Touch n Go eWallet,en,Implementation of budi and mykasih is good,30afbe5c-a63d-4c6f-94ac-360ccf8a29f2,0,2026-06-20 03:23:33,Google Play
1,positive,positive,4,Touch n Go eWallet,en,"dah makin laju dh, dulu asyik lag jer... kalau boleh buat la redeem coin tu setiap hari tknak voucher, better coin boleh kumpul 😁",bfa29843-5cfc-4c23-a8ea-9937fbd80ff1,0,2026-06-21 11:59:57,Google Play
1,positive,positive,5,Touch n Go eWallet,en,"Touch 'n Go eWallet has made cashless payments so convenient in Malaysia! From paying tolls and parking to splitting bills and online shopping, it handles everything with ease. The GoPayLater and GoInvest features are excellent additions that make it more than just a payment app. Top-ups are instant and the cashback deals are genuinely great value!""",20094259-bdbd-4fc6-a0c3-61ee828a2128,0,2026-06-17 23:45:08,Google Play
1,positive,positive,4,Touch n Go eWallet,en,It would be nice for the app to have dark mode,85e043bb-fca5-4610-b1e9-e161f45190d3,0,2026-05-29 15:08:16,Google Play
1,positive,positive,4,Touch n Go eWallet,en,Saya suka Dan mudah untuk saya membuat tarnsaksi❤️❤️,2f2a1609-f48e-49a9-affe-b45e82226834,0,2026-05-18 19:47:42,Google Play
1,positive,positive,5,Touch n Go eWallet,en,"Touch nGo eWallet provides a convenient cashless payment solution. Transactions are quick, secure, and suitable for daily use.",50c458a3-f723-4535-8c46-418849f427a0,0,2026-06-17 18:22:18,Google Play
1,positive,positive,4,Touch n Go eWallet,en,kenapa makin lama makin slow server dia,f2bcc035-d921-4e08-8488-1ea4a7443e18,0,2026-06-01 21:05:03,Google Play
1,positive,positive,4,Touch n Go eWallet,en,Payment is smooth sailing. Feel safe only if it is really secured.,6241cf97-d295-43e7-821d-577703180610,0,2026-05-31 19:34:58,Google Play
1,positive,positive,4,Touch n Go eWallet,en,simple n easy,0e781c0c-046f-4334-9894-0cfddcfc9dfc,0,2026-06-01 22:16:10,Google Play
1,positive,positive,4,MySejahtera,ms,Terbaik dan mantap,82f26d14-7cda-4d59-b20a-38037f655c34,0,2023-01-01 07:38:47,Google Play
1,positive,positive,4,MySejahtera,en,Tarikh untuk temujanji tidak dapat diplilih. Hanya tarikh semasa sahaja yang dipaparkan.,014758cd-0a7f-45c8-be2f-ab61b74e9fe5,0,2024-05-15 13:03:30,Google Play
1,positive,positive,4,MySejahtera,ms,Maklumat kewangan aku..apakah kamu tahu mygov..?tanya dahulu itu lebih baik.dari pada mengambil keputusan tanpa persetujuan hak hidup sebagai manusia..,fc83174b-b18c-4868-9dfa-caacd347952b,1,2022-09-24 04:10:25,Google Play
1,positive,positive,5,MySejahtera,ms,Kenapa Selepas kemas kini sijil jadi hitam putih pula,35e176eb-7845-418d-a898-8fcbe531ef46,9,2025-09-14 13:26:29,Google Play
1,positive,positive,5,MySejahtera,en,i love this App,ae50e3ed-dbf3-48c8-87bd-3e8e142587be,0,2025-07-14 19:38:23,Google Play
1,positive,positive,4,MySejahtera,en,tak boleh nak book appointment. tak keluar pun nearest klinik yg available .keluar yg kat KL punya. kita duduk pahang,ffdec409-c60d-40e2-9308-d133876fc67a,0,2025-03-18 18:30:57,Google Play
1,positive,positive,5,MySejahtera,en,i hope my past vaccine cert will appear in new my sejahtera.,79ad120b-46eb-427f-ae3d-aa4325e3e5e6,1,2025-07-09 22:22:04,Google Play
1,positive,positive,5,MySejahtera,en,"With this new updated app, I can't find my covid 19 vaccination record. Is it available in this updated apps.",4ac30884-4e30-42cc-b209-71d95387c252,0,2025-07-07 19:04:21,Google Play
1,positive,positive,5,MySejahtera,en,"this new version looks awesome and beautiful. Great UI, looks modern and robust. great job team",0cff5a6f-d1a8-46a8-8f47-16dcaa1fbf47,1,2025-07-10 07:49:48,Google Play
1,positive,positive,5,MySejahtera,ms,Apa ke Benda ni ???@ nak buat temujanji klinik Gigi Semuanya Penuh? Temujanji yang ada kosong yang sy pernah dapat dapat January 2027? paling cepat 3bulan??? masalah orang dah sakit sangat takkan nak kena tunggu lama??Bila Call nak pergi terus tak boleh? Sistem Kejam apa yang dicipta ni?,e62b274a-dcda-465a-942c-8e5c89a509ef,10,2026-02-02 23:02:37,Google Play
1,positive,positive,4,MySejahtera,en,"after so long not open this app since pkp (covid) , now I open it 😁😄",c607a462-7322-4edb-a167-313778408e8a,0,2025-07-12 00:38:37,Google Play
1,positive,positive,4,MySejahtera,en,Selamat berinstall kembali semua,5a4c248e-5715-4cd1-924e-bb8b1dadbb03,0,2023-12-14 14:42:42,Google Play
1,positive,positive,4,MySejahtera,en,the app is good but i dont know how to update covid test status,7ba728a9-bfa6-4367-905d-8745ef038a82,0,2025-07-27 22:31:25,Google Play
1,positive,positive,5,MySejahtera,en,nipah virus coming.gotta download this app to prevent nipah virus,9853f51e-6fc6-4c8b-b526-dc334f27e1a3,0,2026-01-30 02:05:04,Google Play
1,positive,positive,4,MySejahtera,en,"lepas update version baru, apps tak boleh buka.. blank.",20158933-2267-41f7-8385-f391378c85e1,0,2025-07-09 08:26:06,Google Play
1,positive,positive,4,MySejahtera,en,"Kenapa setiap kali saya nak login semula , mesti invalid user id or password.. sedangkan password saya betul",3d77f86f-8d42-4ae8-bbc6-5ca826518d61,0,2025-02-04 19:38:40,Google Play
1,positive,positive,4,MySejahtera,ms,Saya amat meyukainya,7caaed1b-9d3e-4a0d-80b6-b76d1dc32036,1,2023-06-19 18:25:08,Google Play
1,positive,positive,4,MySejahtera,ms,information and investment...,bfda8cf9-be74-468a-ac98-ec6fb12375e7,0,2024-12-24 15:28:12,Google Play
1,positive,positive,5,MySejahtera,en,WOW. AWESOME MYSEJAHTERA APP JUST GOT UPDATED WITH FUTURISTIC HIGH-TECH LOOKING!,50a6c170-10a5-4c5d-96d7-4ac8f76c757f,1,2025-07-10 19:44:25,Google Play
1,positive,positive,5,MySejahtera,en,Aplikasi ini sangat berguna untuk membuat temu janji di hospital yang berdekatan.,063eb0ed-090c-42ef-b942-1a458b2ce76c,0,2026-05-18 00:34:45,Google Play
1,positive,positive,5,MySejahtera,ms,cara membuat tempahan awal??,906c95ea-e603-458d-b978-2d3e21e3a457,1,2025-10-13 13:40:24,Google Play
1,positive,positive,4,MySejahtera,en,"I love the new look, but only downside im no longer able to print 3 vaccine cert on same page like before.. I'm looking forward to bringing that back.. please be able to verify the dependent because several son take care of their parents",dc0e5c6a-0f43-4743-a545-bd423f3fe810,1,2025-07-13 09:43:52,Google Play
1,positive,positive,4,MySejahtera,en,gelap tak keluar apa2.....x blh guna dah... setelah seminggu lebih baru blh guna. install uninstall byk kali.tq helpdesk mysejahtera yg membantu,ac3f8716-5266-47cc-9498-94744e140ef0,0,2025-08-07 16:42:29,Google Play
1,positive,positive,4,MySejahtera,en,my sejahtera saya bhgian profil xdpt buka cma kosong je mcm mna?,29d5ce42-4cd4-4a8b-9bc3-0e0dba469adf,0,2025-11-06 17:49:29,Google Play
1,positive,positive,4,MySejahtera,en,latest version tiada detail di blood donor card. previous version ada detail benefit yg dapat. cth: free outpatient treatment etc,a3122fae-55a7-4c6e-82ca-1950051dd802,0,2025-02-04 08:04:20,Google Play
1,positive,positive,5,MySejahtera,en,"sebelum dh daftar. tp hp rosak. so , nak download di handphone baru , tak dapat pula. Tapi berjaya je daftar.",8fd823cb-b094-4c9b-89a2-337411e24e1e,0,2025-09-03 11:22:27,Google Play
1,positive,positive,4,MySejahtera,en,"Very user friendly. It helps me quickly check my future appointments. I can also self check in at home then just arrive at the clinic half an hour before the appointment time. Excellent! However, the notification and history are not updated in time.",37a5dba3-4096-4ef0-84c9-3ec10db16188,1,2024-01-28 17:23:38,Google Play
1,positive,positive,5,MySejahtera,ms,tutup app MySejahtera,73c222c9-aca1-4d84-8c1f-f6cfea153bdd,0,2026-03-24 15:42:50,Google Play
1,positive,positive,4,MySejahtera,ms,Terbaik untuk saya selesaikan semua masalah.sangat senang.,231f4481-c635-4b24-b92d-c5c7a42a5987,0,2023-06-09 05:27:40,Google Play
1,positive,positive,5,MySejahtera,ms,mudah dah sekarang guna mysejahtera....,a6d19d36-fbf6-46dd-b4bd-4fa38039cc0c,3,2025-11-22 05:26:29,Google Play
1,positive,positive,5,MySejahtera,ms,saya terlupa katalaluan nya macam mana ya?,ca2e4910-4fe8-4d1f-94b1-2537c35132e9,4,2025-11-22 21:43:43,Google Play
1,positive,positive,5,MySejahtera,en,"Salam, harap boleh tmbah fungsi rekod derma darah. T.kasih",211453e7-705b-4ed6-8018-f77cadb840c4,0,2025-12-15 00:25:37,Google Play
1,positive,positive,5,MySejahtera,ms,tak boleh nk book oppiment,deae75fb-deaa-43da-b831-190a0f23c574,8,2026-05-02 09:22:10,Google Play
1,positive,positive,4,MySejahtera,en,"Recently after updated, the fixed notification for MySJ Trace always appeared even though I don't turn it on. Please fix this.. Thanks",730eb435-ec51-4bd2-bdc8-419041b40fed,1,2023-12-18 19:14:33,Google Play
1,positive,positive,4,MySejahtera,ms,Boleh tak tambahkan maklumat suntikan typhoid dlm nie...susah la klo kena bwk kad jewrr...klo ade dlm mysejahtera lgy senang...,2518f8a8-1199-495d-8c2d-0dc1bd3096f1,10,2023-05-20 16:30:20,Google Play
1,positive,positive,5,MySejahtera,en,Mallory awards 10 contributions.,32943310-26bd-4c4e-9116-36fa7a4e020e,0,2025-08-28 10:52:29,Google Play
1,positive,positive,5,MySejahtera,ms,MURUGAMAH A/P MUNIANDY,d4886204-bf01-4934-b71c-4c85b56b07ff,2,2025-09-15 13:52:57,Google Play
1,positive,positive,4,MySejahtera,en,Gets a new apps. ..,8bdc0bbf-8fb4-43c4-8918-9ae6cc3c9081,0,2024-07-08 21:18:30,Google Play
1,positive,positive,5,MySejahtera,en,"setakat 4 tahun saya guna, tak ade lagi masalah yang saya hadapi. cara nak guna mudah tapi untuk sesetangah orang mungkin susah sikit tapi untuk saya, semuanya Oke je.",f7a646bb-e7f4-49ed-9694-8d49f73a9a16,0,2026-04-16 09:02:42,Google Play
1,positive,positive,4,MySejahtera,ms,"Terok gila tak boleh buat tempahan janji temu, aku dah sahkan acc tuu bnyak kali...😌",b948cd66-e3cd-41b7-b710-19e4950551ff,9,2024-01-09 01:26:45,Google Play
1,positive,positive,4,MySejahtera,en,user friendly n helpful,e6cbba27-2db3-43a8-bcb5-47c8551e5f38,0,2025-04-29 09:05:33,Google Play
1,positive,positive,5,MySejahtera,ms,menstabilkan kesihatan terbaik.,0ef2f743-e1d3-45a8-900c-6ba0a79edcea,1,2026-05-23 10:19:17,Google Play
1,positive,positive,5,MySejahtera,en,hrini saya ada appoiment dkt KK & my apps x blh guna sbb maintenance. haih can you fix this?,2f78f87f-0da6-4eae-9fbc-c019f5fc670e,0,2025-11-20 07:39:07,Google Play
1,positive,positive,5,MySejahtera,ms,"MySejahtera pernah jadi aplikasi penting semasa pandemik, namun kini semakin kurang relevan. Saya cadangkan agar ia dipertingkat dengan fungsi yang lebih dekat dengan pengguna, seperti e-wallet kesihatan, pembayaran klinik, rekod vaksin automatik atau insentif gaya hidup sihat. Transformasi ini boleh menjadikan MySejahtera platform digital kerajaan yang moden,berguna dan kekal relevan untk rakyat.. PADU DAK KOMEN ABG😂",b91fd471-2232-4a06-99bf-53d3a88fed95,9,2025-10-14 12:15:15,Google Play
1,positive,positive,4,MySejahtera,en,unable to update latest apps version for model samsung z fold5,cadbb671-a43c-4ea9-9777-075ac43199da,1,2024-11-07 14:52:37,Google Play
1,positive,positive,5,MySejahtera,en,Soo good ❤️😘😍😘😊👍,858fd041-b149-42b7-ad6b-30f2983384a8,0,2025-12-13 22:00:26,Google Play
1,positive,positive,4,MySejahtera,en,"5 years after MCO,pandemic COVID-19..now I see a new in terms of their UI & UX.. really gives material feels design and it makes this app more refreshing to see compared to old UI. Even though, stability and performance play a crucial roles in development application. Lastly but not least, always keeping our data at high grade security,not weakest ones that hackers,scammers can access our data. That's all for now I would want say.",8689f385-0b77-42e9-9c46-fff3843c808a,9,2025-07-09 23:26:45,Google Play
1,positive,positive,4,MySejahtera,ms,Zujinduhu a/l Merapu,ead778c4-0ea2-4b3b-bd0f-555d56bee479,2,2022-09-28 12:22:58,Google Play
1,positive,positive,5,MySejahtera,ms,apps yg terbaik..,9fd96219-9552-4da9-bbf5-7a3043e48c94,0,2026-01-15 19:47:03,Google Play
1,positive,positive,4,MySejahtera,en,"After my last complain about there is no available slot for dental check up for almost every month , the new update finally improve the app a little. However, when I try booking for appointment in the next 6 month - let's say for February 2026, there is no available slot even after I check for every date in February and even March. Hopefully this can be fixed too 😭",9045da17-43ac-4113-a65c-9383941eee2f,8,2025-08-10 11:34:24,Google Play
1,positive,positive,5,Grab,ms,grab terbaik dalam keadaan saya takde duit saya boleh naik grab dangan bayaran grabpay latter.. terimakasih grab mudahkan keadaan saya,22d627e2-5ac7-48da-84c6-3d7791075809,1,2026-06-15 11:34:48,Google Play
1,positive,positive,4,Grab,en,Best juga offers grab food ni,ce4f8564-774e-4d6e-bf56-5fc4c677cb80,0,2026-05-20 15:38:45,Google Play
1,positive,positive,5,Grab,ms,sangat berpuashati dgn app ini,0a82773d-04d3-4d17-bf70-c4436a12efa3,0,2026-06-08 20:22:23,Google Play
1,positive,positive,4,Grab,en,"nice app, helpful and simple",3e61a5fd-7854-4a04-9c20-8bba9fdbda29,0,2026-06-07 22:04:12,Google Play
1,positive,positive,4,Grab,ms,Grab app is good but i have issue with sale debit eventhough i have not use the debit card anymore. i use grab wallet.. please fix it ...,3bf23f28-ef55-40f5-8cc1-6c4f88701d12,1,2025-12-10 23:10:14,Google Play
1,positive,positive,4,Grab,en,please bring back the option to pay and split evenly,104442dd-5362-4094-a6bb-c980ba87c46d,0,2026-06-14 10:43:47,Google Play
1,positive,positive,5,Grab,en,nice apps. easy to use. easy to book a car and fast service.,bb70e771-c56d-470c-a705-ef042fe01634,0,2026-06-20 09:16:43,Google Play
1,positive,positive,4,Grab,en,less 1 star because grabmap error,2002aa04-6e4d-43f2-a933-a22a0178c44b,0,2026-05-29 22:55:10,Google Play
1,positive,positive,5,Grab,en,easy to use,e6102f47-3623-409e-bc92-d756a3addcfe,0,2026-06-20 00:23:55,Google Play
1,positive,positive,4,Grab,en,"i hope they would add a feature to cancel your order, when the order is not yet accepted by the driver. coz that would be more effective for customers, to cancel their orders instead of messaging the drivers themselves and 😐",8af3a552-a658-4ace-ac6b-fcf7b9a01fd9,0,2026-06-16 00:26:48,Google Play
1,positive,positive,4,Grab,en,I think the app is great overall but there could be some issues at certain times where the tracker can be inconsistent and buggy. I am not sure if this is only personal experience but hopefully others might encounter the same problems as well and point it out,85260714-3796-40eb-b61c-2a1ebf732b81,0,2026-06-02 15:48:25,Google Play
1,positive,positive,4,Grab,ms,"mudah, cepat n memuaskan",adee9311-ed77-463c-a2ac-d73040c073dd,0,2026-02-02 04:50:55,Google Play
1,positive,positive,5,Grab,ms,ikut peraturan jln raya dgn betul dan grab bawa hati2 semasa memandu dan bersopan santun bila bercakap,23a7240c-de38-4ed2-b947-77a5ec41ecf9,2,2026-06-06 22:00:15,Google Play
1,positive,positive,5,Grab,en,good taxi service,04c268c6-403d-4982-a830-0cec3f8251e8,0,2026-06-20 16:33:09,Google Play
1,positive,positive,5,Grab,ms,Terima kasih servis yang baik,b887affc-f2bb-40bc-9dc7-737e9c622adf,0,2026-06-10 09:40:37,Google Play
1,positive,positive,5,Grab,en,यहां अप डिलीवरी के लिए बहुत बढ़िया ऐप है मैंने इसे उसे किया और मुझे बहुत अच्छालगा 😇*,2b3b7bf0-5862-4e90-b148-660d9c5a3ff9,0,2026-06-20 16:43:20,Google Play
1,positive,positive,4,Grab,en,The old UI was more seamless with nested transport types under one. whoever made this change to separate tuktuk from car is just silly and is why I am reducing to 4 star. otherwise happy with the service.,dfdbca15-b179-4d65-878b-cef36948a6a1,0,2026-06-08 21:45:57,Google Play
1,positive,positive,5,Grab,en,best service this app,4b355133-5de0-46c2-bb41-7a714068e730,0,2026-06-20 13:32:13,Google Play
1,positive,positive,5,Grab,ms,mudah dan cepat...senang nak pergi ke mana sahaja,c8315d75-1235-44f3-8686-ef2518078c6d,2,2026-06-15 22:44:45,Google Play
1,positive,positive,4,Grab,en,"pretty good overall, but had 3 drivers in a row cancel this morning. also, the actual time until the drive shows up is regularly 2x as long as the estimate shown initially.",ccaa063a-ac63-4736-b83e-e55002eb862e,1,2026-05-30 12:41:05,Google Play
1,positive,positive,4,Grab,en,정확한 지도표시가 잘안되어 안타깝습니다,e28e8bba-54fe-4aba-b82b-2bb94baaca0e,0,2026-05-31 19:54:54,Google Play
1,positive,positive,4,Grab,ms,pin lokasi tidak tepat Jln Dtk Ajibah Abol,8347a66b-f7ed-4bad-b4da-61d024a3464f,2,2025-11-29 13:43:34,Google Play
1,positive,positive,4,Grab,en,"would give 5 stars if you can implement the same feature as foodpanda. after choosing Ur food, there's a feature to input ur special instructions. It was upsetting when i first used grab after foodpanda.",9855fff9-b065-4081-8dff-c076b0c3ff25,1,2026-05-26 14:12:59,Google Play
1,positive,positive,5,Grab,ms,drive tak cerewet bagus orangnya,99052786-9a5a-412a-8bfb-025508848de8,0,2026-06-18 19:10:50,Google Play
1,positive,positive,5,Grab,en,wow it's very nice 👍,f0c241b0-9a63-4eb2-9f53-6b344d10fa4e,0,2026-06-21 12:45:12,Google Play
1,positive,positive,4,Grab,en,The aba payment thing sucks.,94cf37a1-2abd-4889-8097-51fcad0fb976,0,2026-06-06 18:25:04,Google Play
1,positive,positive,5,Grab,en,The driver is very nice and polite. Highly recommended.,bddad205-d3a7-49f7-b2e7-431d1890e758,0,2026-06-20 17:35:55,Google Play
1,positive,positive,5,Grab,ms,Sangat sangat baik terima kasih..,f7a51775-bed3-4d22-947a-26d121034679,0,2026-06-10 13:59:11,Google Play
1,positive,positive,5,Grab,en,Fast rides and deliveries with clear pricing. Smooth and reliable,eece951d-4691-46ea-821f-2ae1de985f2c,0,2026-06-20 00:05:54,Google Play
1,positive,positive,4,Grab,en,trouble with connection of my payment card but otherwise a great app,2978e503-bb3b-4853-b5be-fe49ac94958a,0,2026-06-14 14:26:12,Google Play
1,positive,positive,5,Grab,ms,verry good . is easy,da0ac779-3b5f-41d3-ac30-e921fd01aeee,0,2026-06-09 09:40:29,Google Play
1,positive,positive,4,Grab,en,"Look, can you not make a nearest drop point for pickup? I've been using it for like a long time, and pickup places like 10 -15 minutes walk just for me to call for a Grab driver. Don't make it the nearest point for pickup, just point where I am.",45597e60-f9ba-4f5c-9ec0-ac3560f65cc3,0,2026-05-22 19:46:34,Google Play
1,positive,positive,5,Grab,ms,Perkhidmatan yg cepat,5fea2003-c738-43ef-80c7-99d201a6ef92,0,2026-06-17 20:58:25,Google Play
1,positive,positive,4,Grab,en,Location stalls quite often. But overall very good,99108c40-4d2d-48d0-9038-5b94a3ec6bbb,0,2026-06-02 10:51:08,Google Play
1,positive,positive,4,Grab,en,"I hope Grab team can consider allowing small dogs like toy poodles in standard Grab cars, as long as they are properly contained (carrier or seat cover). GrabPet seems more suitable for large dogs, and the fare can be too high for small, well-behaved pets. This change would make trips more affordable and convenient for pet owners while still respecting drivers. Or maybe add GrabPet for 4-seater :)",330130e6-2921-46bd-8b5b-e09c5b86a137,4,2026-06-19 15:57:46,Google Play
1,positive,positive,5,Grab,ms,pemanduan yg cemerlang,e2299a3d-acb6-4b15-b62d-7e5402a99922,0,2026-06-14 17:44:52,Google Play
1,positive,positive,5,Grab,ms,saya sangat gembira kerana dengan pas grab dapat memudahkan orang,fec4a1f9-d888-42ea-aa7a-1f5479dbc911,1,2026-06-12 23:31:30,Google Play
1,positive,positive,5,Grab,ms,"penggunaan grab memang terbaik dan berbaloi, senang dan Ok.",34dff0e2-c998-45cd-8333-804f5c4026f0,0,2026-06-06 18:44:14,Google Play
1,positive,positive,4,Grab,en,"Very Useful for delivery of food. Very affordable. Can you please, put how many kilometers from the place where we will order to our place next time? Cause it's hard to determine where the nearest to our place.",0c50d6e2-4219-4808-af4a-4f99979b8b3e,0,2026-05-23 17:04:57,Google Play
1,positive,positive,4,Grab,en,tolong di review lagi app nya. makin ke sini makin kurang oke. dapat driver lokasi jauh banget dari titik penjemputan jadi tunggu lama dan kasian drivernya juga ongkos bensin buat narik makin banyak.,b2a4dc28-9c37-467c-946d-0beb90074c40,0,2026-06-10 07:34:20,Google Play
1,positive,positive,4,Grab,en,just got to use the application,a3e671ea-0095-47cf-a0e6-91a13fe115c4,0,2026-06-15 21:09:50,Google Play
1,positive,positive,4,Grab,ms,Insya'Allah... Mempermudahkan pengguna.. Semoga terus sentiasa dalam menaiktaraf.. Tqvm..,bf63fca5-f149-49a2-b38c-52cf277e2f99,3,2025-10-06 14:01:35,Google Play
1,positive,positive,5,Grab,en,nice platform for taxi and food🙏🙏🤗,70ebb660-b67b-4d72-8478-4ce9f205f429,0,2026-06-19 22:21:08,Google Play
1,positive,positive,5,Grab,ms,sangat tepati masa,78470282-57d5-4f1d-a65a-455cf7572b76,0,2026-06-08 19:47:43,Google Play
1,positive,positive,5,Grab,en,"Grab is a very useful app for transportation and food delivery. The service is convenient, dependable, and makes daily activities much easier.",3568a5f3-589f-4b85-8c60-711d304c8c45,0,2026-06-21 11:49:23,Google Play
1,positive,positive,4,Grab,ms,sangat membantu ni,bf46c5ce-4192-4c82-91e2-b294bd88ee2b,0,2026-04-07 13:12:59,Google Play
1,positive,positive,5,Grab,ms,"mobil bagus,nyaman dan bersih...pemandu ramah...",5be2583d-bebb-4625-aa4b-0317cf016794,1,2026-06-08 13:17:47,Google Play
1,positive,positive,4,Grab,ms,ya sanggat baik,7f7e8717-7f56-4caa-afa5-aeb66bb74a67,1,2025-10-31 22:46:01,Google Play
1,positive,positive,4,Grab,en,Night shop still available for late order. Tq grab,66f2f81a-cb28-41c2-ae23-f58d047b6b15,0,2026-06-20 23:43:11,Google Play
1,positive,positive,5,Grab,en,Excellent and very helpful for the new traveller's who need guidance,076ad6c2-d9b6-48a2-b494-a801fb881984,0,2026-06-20 12:31:49,Google Play
1,neutral,neutral,3,Touch n Go eWallet,en,"Its not bad at all. Very convinient. Just some little irritants. 1. Ads. I'm trying to pay right now, and I get pop ups and ads. Very counter intuitive to the design of the application. 2. Can be quite slow. Generally not a problem but is confounded by the ads.",a0850c94-ae51-4b3a-80ef-f0a2c3d4ed4b,1,2026-06-09 18:49:00,Google Play
1,neutral,neutral,3,Touch n Go eWallet,en,"1st, NFC reload doesn't work with old phone, now on new phone also. CS told to uninstall & reinstall, after reinstalled, each time login crashed many times just to get to homepage with blue background then crash again. getting thru smart tag n RFID lane already bad experience now the ewallet, not including constant nationwide offline, cannot reload physical cards. troublesome with no other options. improvise la",a5dbb5d2-1da4-4f8a-b4d5-9408f807e010,0,2026-05-02 11:07:42,Google Play
1,neutral,neutral,3,Touch n Go eWallet,en,auto reload no longer working...,412557f3-3d54-4791-8d9d-4425ba842023,0,2026-05-02 09:17:41,Google Play
1,neutral,neutral,3,Touch n Go eWallet,ms,"tolong lah hapuskan lockin gune foto² wajah ni,,,Klau senang sekali lockin tkpee",eb656e2a-902d-4d20-b98b-719cffb61a0e,0,2026-05-07 19:25:42,Google Play
1,neutral,neutral,3,Touch n Go eWallet,en,It's easy and very convenient app to pay anything but The new version is very slowly to open it take 30 seconds !! I tried on the both Mobiles same problem!!,6f70f7a5-50d5-4ef1-905e-1e9493f643e2,0,2026-06-18 09:24:24,Google Play
1,neutral,neutral,3,Touch n Go eWallet,en,Becareful always follow the official guidelines to verify is it got malware or malicious apps .,bc3c0c41-c257-47a7-8dfd-71b782c72999,0,2026-05-05 21:09:37,Google Play
1,neutral,neutral,3,Touch n Go eWallet,en,"No good. 2nd incident. I wanted to fill RM55. I opened Caltexgo to check my Budi to ""Pump & Pay"" using TnG paying RM111.11 Maybe I picked up the pump too early due to my son distracting me, and no petrol came out. I had to come out with another RM50 cash to fill my car up. I think Shell has a better fool proof system.",83b45a2f-99b8-49a4-8a4d-f18cdc972821,1,2026-04-22 18:19:40,Google Play
1,neutral,neutral,3,Touch n Go eWallet,ms,saya baru mula,c7866bcc-fa44-4afc-89d9-86d732bc5ea8,0,2026-04-15 13:15:21,Google Play
1,neutral,neutral,3,Touch n Go eWallet,en,"my account SUSPENDED , cannot open . my balance got in there",1b5d90a3-ebb0-47cc-8f1d-ad4eedd50060,0,2026-05-22 19:44:08,Google Play
1,neutral,neutral,3,Touch n Go eWallet,en,always crash on my device poco c65... happened for a few days already... before this just normal,105e540a-a0e9-4265-ae69-51b5465c5d97,1,2026-04-26 23:59:05,Google Play
1,neutral,neutral,3,Touch n Go eWallet,en,why quick payment and auto reload is unavailable?? when fix that problem?,3797aa18-5f8f-4249-bdd9-ab979bb3992f,0,2026-04-27 12:39:39,Google Play
1,neutral,neutral,3,Touch n Go eWallet,ms,tolong penggunaan TnG d uprage macam boost semua boleh scan🥲,7f34941a-8d19-4bed-ac47-a296937bcb4e,0,2026-03-22 09:06:01,Google Play
1,neutral,neutral,3,Touch n Go eWallet,en,"it was simple and good before but now it's complicated. it's seems like a lots of people is facing with the problem of ""rooted device"" pop up. my phone is the original settings, no jailbreak or modified . what is exactly the problem?",aab4ff55-ad2d-41f8-b761-fa5a62c0fb1d,0,2026-06-15 10:27:54,Google Play
1,neutral,neutral,3,Touch n Go eWallet,ms,Saya tidak boleh menggunakan aplikasi ini,a313ea7c-0fc3-46ba-9c8d-b7b3960bcd6e,2,2026-05-05 21:57:25,Google Play
1,neutral,neutral,3,Touch n Go eWallet,ms,"setelah membuat kemas kini,bila time nak log in sering gagal n ralat,sebelum kemas kini ok je..",16478543-670b-4ead-85a6-1b0dbb1cca7d,2,2026-04-13 00:36:23,Google Play
1,neutral,neutral,3,Touch n Go eWallet,en,To many notifications and popups,408510b1-fbfc-4700-8445-5d3fb5fa3376,0,2026-06-14 08:27:14,Google Play
1,neutral,neutral,3,Touch n Go eWallet,ms,sedikit mem buat saya stress,8e8aeff2-6ce1-44d7-a19f-bec7557c6a25,0,2026-05-30 14:30:39,Google Play
1,neutral,neutral,3,Touch n Go eWallet,en,one man show,8f414b94-7dbb-4869-aa91-858ab3cb0cb2,0,2026-04-26 17:55:36,Google Play
1,neutral,neutral,3,Touch n Go eWallet,ms,jangan teraniaya sudah,b77172db-974c-4c88-bd0f-e7dfa3b17d35,1,2026-04-01 11:03:52,Google Play
1,neutral,neutral,3,Touch n Go eWallet,en,"Getting better, good job well done!! Software Engineer",5ee88e2e-f198-4507-af5a-621f14fd8b04,0,2026-06-21 07:21:39,Google Play
1,neutral,neutral,3,Touch n Go eWallet,en,"Kalau ada penunjuk SETIAP TRANSAKSI baki sebelum, jumlah pembayaran dan baki semasa",ef0a21a4-3fcb-485e-96ce-480d06db3261,0,2026-06-01 15:05:42,Google Play
1,neutral,neutral,3,Touch n Go eWallet,en,"ia akan lebih baik bila mana semua qr duitnow boleh di scan utk buat pembayaran.. kadang ada yg boleh, kadang tak boleh..",c03800c8-f082-454a-8a80-648a4653a433,0,2026-05-03 08:21:15,Google Play
1,neutral,neutral,3,Touch n Go eWallet,ms,saya tidak bisa masuk ewalet saya tolong di perbaiki,7e85f3d5-402b-4d7f-9ebe-5c6bfaad513d,13,2026-06-14 21:03:07,Google Play
1,neutral,neutral,3,Touch n Go eWallet,ms,kenapa tng jdi lmbt slow msuk adoi susah nk transfer tollng la baiki,ae052d24-e5be-4811-9f3c-ca0bff38cec1,0,2026-04-29 02:12:20,Google Play
1,neutral,neutral,3,Touch n Go eWallet,en,since last two so difficult to use TnG. The system is to slow when try to do a payment. Sometimes can't enter at all!!!!!,0a7af5b0-c065-4aaa-8c89-47d77c58de31,0,2026-06-02 16:45:13,Google Play
1,neutral,neutral,3,Touch n Go eWallet,en,"makin update new version makin teruk, especially need to click on the ""Reward"" , forever load non stop even using WiFi. 😓😓 pls improve the web bandwidth",3fb86c6c-a956-401b-8dfc-ba77625d813b,1,2026-05-03 17:54:19,Google Play
1,neutral,neutral,3,Touch n Go eWallet,ms,Go+ untuk warganegara saja Sye nk tapi tak boleh,9628687a-92ed-4807-96b7-f83d4acc2264,0,2026-04-17 20:49:23,Google Play
1,neutral,neutral,3,Touch n Go eWallet,ms,kemaskini de email bahru.,24357edb-ac9a-4fad-87e1-6ab581da7252,0,2026-05-03 03:47:45,Google Play
1,neutral,neutral,3,Touch n Go eWallet,en,annoying when promotion pop up first when open app,1e9babd0-2516-4b00-b08c-88383e4a634f,0,2026-05-12 21:40:01,Google Play
1,neutral,neutral,3,Touch n Go eWallet,ms,knp ya tng sekarang semakin slow,d3c716f6-f97f-4434-9c42-bf3487b513be,1,2026-04-25 19:51:15,Google Play
1,neutral,neutral,3,Touch n Go eWallet,en,over all the service was fine until it came into a refund issue it has been one weeks almost two weeks and still amount money inside my account still remain the same,cccc0e9f-c312-4708-8e01-208132c37acd,1,2026-06-13 21:39:09,Google Play
1,neutral,neutral,3,Touch n Go eWallet,en,very slow login and need to wait more time to scan the QR,3034862a-04c8-4fa5-90ee-5539be15fd57,0,2026-06-11 09:28:20,Google Play
1,neutral,neutral,3,Touch n Go eWallet,ms,"acc sy tak boleh log in kenape yer, sy terlupe no pin & password tapi dah ikot arahan diberi tapi still tak boleh, dia kata ""ada yg tak kena"" ape perlu sy buat untuk dapatkan semula acc sy",9cb8045d-ff06-4f97-899d-632893aab301,1,2026-06-04 22:41:03,Google Play
1,neutral,neutral,3,Touch n Go eWallet,en,terlalu bnyak kmudahan yg dsediakan di TNG ini..,c2f1e04a-0340-4e16-8a04-9c95db954c9c,0,2026-06-05 04:49:23,Google Play
1,neutral,neutral,3,Touch n Go eWallet,ms,"too many noti, separate it",4e5a8f86-aab0-4576-a1c3-9f8985fd5b02,44,2026-03-31 14:53:27,Google Play
1,neutral,neutral,3,Touch n Go eWallet,ms,apu... slow amat,e5f2632d-2f22-41ec-92f7-1316088c435a,1,2026-05-05 15:32:18,Google Play
1,neutral,neutral,3,Touch n Go eWallet,ms,terbaik senang bayaran bil elektrik,08bcf353-8cbe-4b18-a29e-d469cdd8b510,1,2026-05-20 10:30:01,Google Play
1,neutral,neutral,3,Touch n Go eWallet,en,Love using touch n go app. Secure fast and easy to use. But they have cancelled the auto reload from Debit cards i.e if your e wallet balance is low it will deduct from your debit card to fulfil the payment. Which was convenient specially at tolls.,81d6938f-dcb5-4163-b830-171ece850c24,0,2026-05-26 12:41:22,Google Play
1,neutral,neutral,3,Touch n Go eWallet,ms,kenapa tak boleh tukar nama akaun tng wallet?,ece017e0-61ca-4ff6-8326-d9e40642f0ec,15,2026-05-27 09:07:54,Google Play
1,neutral,neutral,3,Touch n Go eWallet,en,"since last 2 month , loading of app to scan to pay getting lagging. whereas Maybank QR Pay instantly can scan.",59ff0e9d-9ca0-4f9a-a46d-b95c62dee9b7,2,2026-04-20 19:45:11,Google Play
1,neutral,neutral,3,Touch n Go eWallet,en,"i up 2 star because annoying promotion notification is not there anymore, thanks TnGo developer. It remains 3 star because new interface not really user friendly and loading favorite=>more took ages to load 😅...",52d45df9-1483-4e6d-b8d8-8ff07fd20687,0,2026-06-15 21:35:30,Google Play
1,neutral,neutral,3,Touch n Go eWallet,en,Search for biller e.g. Celcom very slow,5c4553a0-b194-43fa-9255-53b23a342d47,0,2026-05-18 19:18:48,Google Play
1,neutral,neutral,3,Touch n Go eWallet,en,the tng card balance is not updated,ce6433e4-e1c2-4f76-b87c-1d521fbf0a57,0,2026-06-01 18:25:26,Google Play
1,neutral,neutral,3,Touch n Go eWallet,ms,"ok mudah untuk membayar, duit pun cepat jer habis,",52483e0f-b1f0-47d7-8305-6a189c2c64d5,1,2026-06-09 09:15:40,Google Play
1,neutral,neutral,3,Touch n Go eWallet,en,face recognition very unreliable,f4b42b99-b6cf-42c3-a965-bc247a9a5728,0,2026-05-28 09:44:35,Google Play
1,neutral,neutral,3,Touch n Go eWallet,ms,mudah dn menjimatkan masa,c1f3283b-f844-4837-8736-1ca31384fde6,0,2026-03-16 22:31:00,Google Play
1,neutral,neutral,3,Touch n Go eWallet,ms,kenapa selepas update jadi lama bila buka.. terlalu lama loading.. dan sangat berat,de072e56-fe4d-44c8-81ad-abdab074a4de,2,2026-04-08 13:54:31,Google Play
1,neutral,neutral,3,Touch n Go eWallet,en,it's rather unfriendly,426de9bf-141e-4b5d-96d8-e10268bdb339,0,2026-06-18 07:25:43,Google Play
1,neutral,neutral,3,Touch n Go eWallet,en,"TNG Ewallet crashed every time I opened it, causing even my system UI to stop working forcing a restart. I use Realme C53",02571097-e6dc-429d-ad7a-d885c088b293,1,2026-04-20 23:43:01,Google Play
1,neutral,neutral,3,Touch n Go eWallet,ms,pening lagy untuk menggunakan kemudahan touch NGO terbaru,cd00364c-f8a6-42fa-a8fc-e6df1c823a8b,1,2026-06-09 11:15:43,Google Play
1,neutral,neutral,3,MySejahtera,en,"I want to access my vaccination proof, but my account status 'not verify'. How can I get my vaccination details?",cabbfb0d-ca96-4a12-933e-7acd084bd36d,1,2025-07-31 19:50:26,Google Play
1,neutral,neutral,3,MySejahtera,en,Easy to remember it.,c93e6be9-2c53-4d1b-a7c3-c604f515a86e,0,2024-12-22 17:52:55,Google Play
1,neutral,neutral,3,MySejahtera,en,Why my username and password is correct but cannot login in due to invalid username and password?,bdec982c-98af-499d-9d82-5d68eb21200a,0,2025-04-10 12:21:23,Google Play
1,neutral,neutral,3,MySejahtera,ms,🥴tak boleh bukak,40683236-d0e6-43e7-bceb-7b1603033e50,1,2026-04-18 14:29:45,Google Play
1,neutral,neutral,3,MySejahtera,en,"Saya booked dental appointment dalam apps mysejahtera tapi kenapa sejak minggu lepas asyik loading je page appointment tu? Appt saya tadi, takdapat saya nak tunjuk Dr saya dah booked appt. Untung saya dah screenshot siap siap",a833aa63-fed3-43a5-8825-30335c629963,1,2024-10-09 22:12:55,Google Play
1,neutral,neutral,3,MySejahtera,ms,Kemaskini sistem bahasa kebangsaan negaraku,7175842d-b8c2-4fdb-855d-b027cde2e382,1,2024-07-09 12:30:10,Google Play
1,neutral,neutral,3,MySejahtera,en,The latest update has problem to book appointments for health check up and many other services. I could not even log out even after uninstall. Please check if any bug persistent. Update: only happens on my smartphone: Samsung A55 5G. It works smoothly on my Samsung Tab S9+. Tried to clear all data from the app and it works. Please help to fix this bug if possible. It is quite a hassle.,7fb15107-70e0-4940-806d-3727b0625139,38,2024-10-06 21:08:38,Google Play
1,neutral,neutral,3,MySejahtera,ms,Ermmm susah sa mo kumen klu ini..😔,d079aa14-3d00-43c4-8807-b1830be4082a,0,2022-06-06 01:06:50,Google Play
1,neutral,neutral,3,MySejahtera,ms,Keep fighting dignity,0cb3ff25-45f6-4a65-95f0-885dbb20779c,1,2022-06-06 11:05:50,Google Play
1,neutral,neutral,3,MySejahtera,en,can't find the name of klinik that's I wanted,57fd09e6-a423-4c6f-b180-b99f218018d8,0,2026-02-14 19:39:44,Google Play
1,neutral,neutral,3,MySejahtera,en,kenapa bahagian health card jadi kosong? padahal ada rekod derma darah sebelum ini.,43c7e500-b924-4f7b-9dee-670e5d91515e,0,2025-07-10 13:36:57,Google Play
1,neutral,neutral,3,MySejahtera,ms,kenapa mysejahtera dah tak boleh nak download ?,c3f32057-8e53-4a7a-ad09-0c3984e741b7,5,2023-12-12 09:45:48,Google Play
1,neutral,neutral,3,MySejahtera,en,"Kenapa saya tidak dapat mengakses bahagian temujanji di aplikasi mysejahtera, billa tekan diminta untuk verified account tapi dapat notis sudah verified melalui akaun sekian2..tapi bahagian temujanji tetap tidak boleh akses",fe374a51-1267-4003-9286-62fffc73bb7e,0,2024-10-18 16:07:56,Google Play
1,neutral,neutral,3,MySejahtera,ms,Kalau no fon yg dftar da tak aktif nak buat mcm mn?susah sangat nk check up di klinik kesihatan sbb tak boleh nk log in.,9faabfcb-1199-49fb-8b0b-a29aa873d1c1,0,2024-01-15 17:14:46,Google Play
1,neutral,neutral,3,MySejahtera,en,saya guna Oppo a93. selepas update terkini. app crash. hang. jadi black screen.,df748fa5-17c0-48b3-88cd-bdce57b3bfc8,2,2025-07-29 15:58:26,Google Play
1,neutral,neutral,3,MySejahtera,ms,mycampion macam mana ni ok,9ba93ee4-dfe8-4566-a3b5-c4fb7bb484e7,1,2025-10-09 11:51:58,Google Play
1,neutral,neutral,3,MySejahtera,en,Apa yang ko dh buat? Mana history Data medication aku🤦🏻‍♂️ orng nk buat rujukan ko pegi buang pula,04972bd3-8ec4-4910-b322-740555ad03a1,1,2025-12-10 11:24:34,Google Play
1,neutral,neutral,3,MySejahtera,ms,saya nak tukar no fon baru ..tapi sulit nak buat..boleh bagi tahu saya macam mana nak buat..fon lama saya hilang kena curi,92fa7447-0c6f-4586-acaa-3149e5c6949d,5,2023-12-14 17:00:06,Google Play
1,neutral,neutral,3,MySejahtera,en,"email tak boleh ubah kenapa ya,, bila nk verify, email lama lupa password,,, bila nak masuk email baru tiada pilihan lain untuk submit email baru, so appointment xboleh buat selagi email x verify",d11b5753-f709-4e8f-8f48-692dde423df8,0,2025-12-01 13:01:30,Google Play
1,neutral,neutral,3,MySejahtera,ms,Saya tidak dapat update status risiko convid sebab itu saya tidak dibenarkan masuk kerja. Apa perlu saya buat?,9d428d31-4442-40f3-8066-6f05f29bc4df,21,2022-09-14 13:19:47,Google Play
1,neutral,neutral,3,MySejahtera,en,"Idk if its just me but the latest update is kinda buggy. Like, i cant view my profile and when i tried to update my info, i couldnt get pass the passport part which it said mandatory but i dont have any passport :( and as for the other page like MyMinda, when i clicked on it, its just blank. Maybe need to fix some of these bugs",96ecbb49-7a04-463f-a11b-49ceac46661f,1,2024-10-12 22:42:18,Google Play
1,neutral,neutral,3,MySejahtera,ms,Susah sangat nk tgk rekod kesihatan...dah kemaskini pun tetap xboleh tengok,3b13b461-49e2-4ce8-83e1-59862433f402,0,2025-09-20 13:32:07,Google Play
1,neutral,neutral,3,MySejahtera,en,I couldn't find my blood donation records,32068ae8-80b8-4b4e-8714-ac7474b4d935,0,2026-06-11 11:31:46,Google Play
1,neutral,neutral,3,MySejahtera,en,aritu ada untuk tengok bilangan Blood Donor .. sekarang dah xde. kenapaaa ??,8ee09e62-53ea-46e7-8a08-cbb62c174766,0,2025-07-10 15:57:05,Google Play
1,neutral,neutral,3,MySejahtera,en,I can't open this app right now and I don't know why.. All my apps are updated automatically if needed to be updated.. But now..I really don't understand why I can't open this app 🤔,8eaccb14-33f0-4304-877f-4081b43e1974,1,2025-07-08 19:30:11,Google Play
1,neutral,neutral,3,MySejahtera,en,usefull to book appointment,9c4215d7-964d-42a9-9b03-0f7fbf120aaa,0,2024-06-29 21:14:25,Google Play
1,neutral,neutral,3,MySejahtera,en,"I can't log out of the application. When I want to log out, nothing comes out and I see that my husband's number is still there to log in even though we have separated the way to log in using our respective emails. Then there are several displays that don't show anything, it's blank and I want to log out and try to log in using my own ID, it doesn't give any response. I've uninstalled and reinstalled this application several times but when I want to open the account information section it keeps",025e13e7-3372-4dfa-b9ee-c4a62ed7aaa7,3,2025-11-09 05:46:03,Google Play
1,neutral,neutral,3,MySejahtera,en,May I know where's the blood donor's info?,d9c42398-529c-4100-8828-b0a0346cd8ff,1,2025-07-11 22:30:54,Google Play
1,neutral,neutral,3,MySejahtera,en,"always loading when i want make an appointment,please fix that",2b5fcd23-6932-434d-80f5-ae3bb0b26c59,2,2024-10-14 14:08:43,Google Play
1,neutral,neutral,3,MySejahtera,ms,"Macam mana nak guna helpdesk ni ? Saya mahukan sijil vaksinasi secepat mungkin tapi sistem ini sangat susah , tolong segera saya sangat memerluka ,terima kasih",c5056616-5ab4-4480-8804-c929bb501134,1,2023-06-07 17:11:51,Google Play
1,neutral,neutral,3,MySejahtera,ms,Kenapa lama sangat pengesahan ni aduh jem jem🙂,0ef3488a-952d-41de-abaf-30f853172ac4,0,2024-07-10 09:27:35,Google Play
1,neutral,neutral,3,MySejahtera,en,"Cant refresh my profile, the date remain in 2022...pla fix the bug thks",513ecee3-ffe9-4c40-8c8c-fe8839a17322,0,2024-04-06 12:00:21,Google Play
1,neutral,neutral,3,MySejahtera,en,Kita telah di perbodohkn oleh mereka..punca 22 bulan memerintah kerajaan gagal kawal Covid..bahkn ditipu vaksin utk mmbunuh manusia..vaksin xkn d cipta masa terdekat..Mereka Berkomplot mmbunuh rakyat,dbdb273e-ee52-43e7-837d-2709a677b50e,2,2024-07-17 16:34:00,Google Play
1,neutral,neutral,3,MySejahtera,en,"Sepatutnye kedua² ibubapa boleh register anak² dan pasangan sebagai jagaan..ni harapkan 1 acc je yg boleh..kalau telepon bapak yg register, mak xboleh dah. abes klau mak nak register anak kat klinik utk outpatient camne kalau ayah outstation..dah beratur plak..pas2 slot abes plak..",dc7ee42e-497f-4ac7-a980-865d19ffb1ad,0,2025-09-30 00:03:58,Google Play
1,neutral,neutral,3,MySejahtera,ms,Dah tekan lupa kata laluan . Tapi sampai sekarang dari bulan 8 masih tak terima emel/ sms link untuk saya tukar password baru . Apakah jalan penyelesaian anda ?,af1eb3fc-e27c-44c8-ad25-d6e48a7a6049,2,2022-10-21 12:20:45,Google Play
1,neutral,neutral,3,MySejahtera,en,I can't find my vaccination card,a3778ae9-f2e4-4898-871a-4001cc687bc0,0,2025-07-18 00:58:34,Google Play
1,neutral,neutral,3,MySejahtera,en,"Edit (30/1/25): Just set allow for mysejahtera on any ad blocker app and will be fine. I recently changed phone, installed the app and forever stuck on login page. Keep saying invalid user id or password. Helpdesk not helping, giving me same steps for 3 times. I can only login on old phone. But I dont want to be bringing two phones out every time. Please fix. My new phone is new model just out November 2024. I need the app to work so I can check my appointment dates.",96706a23-460b-4ebe-8af9-d1cbd1ace5ef,0,2025-01-30 18:14:15,Google Play
1,neutral,neutral,3,MySejahtera,ms,kenapa sistem madani sekarang menyusahkan rakyat? mysejahtera tak boleh nak update number baru ? buat banyak kali pun macam tu juga apa2 appointment mesti nak kena guna mysejahtera bad service maaf cakap ye 👎🏻👎🏻👎🏻,d749ce79-82d4-4e2a-a706-114695e83f2d,10,2025-09-03 06:20:32,Google Play
1,neutral,neutral,3,MySejahtera,ms,MCM mane nk masuk semula.. hari tu fon... Terus xboleh masuk semula,fc47ea74-3425-4074-a651-62c7a925e849,1,2025-02-21 21:10:32,Google Play
1,neutral,neutral,3,MySejahtera,en,"Janan susahkan guna biometric atau passcode. mysejahtera untuk kesihatan, pakcik makcik terpaksa buat passcode untuk mysejahtera, makin menyusahkan mereka bila guna telefon",2ce086ed-978a-44e2-867f-d32749fe7897,0,2025-07-08 22:37:13,Google Play
1,neutral,neutral,3,MySejahtera,ms,Sangat bagus dan membantu .✍️,9f871455-c9a3-4582-b6d7-7fbf7be8a694,2,2024-04-09 09:05:11,Google Play
1,neutral,neutral,3,MySejahtera,en,"Totally cannot use the function inside app. First, the profile is keep loading n loading, no interface appear,. Terrible.",db04e7d7-3c81-49d7-9c15-ada1391c3519,3,2024-10-08 18:46:09,Google Play
1,neutral,neutral,3,MySejahtera,en,Appointment slot for dental are very limited.,d0e9b316-2fe9-4465-89f7-52fca50c8ac1,1,2025-12-14 11:48:40,Google Play
1,neutral,neutral,3,MySejahtera,en,"I dunno why the app keep having ""internet connection is now offline"". so how am I wanna check my next appointment?",854270e6-577e-47d7-b3e9-26014491ee6d,2,2025-04-30 05:44:12,Google Play
1,neutral,neutral,3,MySejahtera,en,"Please provide the option of reverting to the previous option, because there's a function available in the old, but no longer available now.",e832e5ae-c3d4-4d48-b80d-8bd26de0db02,0,2024-08-16 09:24:31,Google Play
1,neutral,neutral,3,MySejahtera,en,blood type and number of blood donation records missing,5a43d97d-610b-4477-93bc-f165126cae29,2,2025-07-11 20:16:42,Google Play
1,neutral,neutral,3,MySejahtera,ms,"𝑺𝒕𝒐𝒑 𝒖𝒑𝒅𝒂𝒕𝒆 𝒍𝒂𝒉, 𝒃𝒖𝒌𝒂𝒏 𝒅𝒊𝒈𝒖𝒏𝒂𝒌𝒂𝒏 𝒍𝒂𝒈𝒊 𝒔𝒆𝒌𝒂𝒓𝒂𝒏𝒈 😅",d28624f2-02b4-44f3-9289-68266b3eeecb,8,2022-07-02 09:22:27,Google Play
1,neutral,neutral,3,MySejahtera,en,What happened to the blood donor section?,96be55af-9818-47eb-8862-3ff2238425c5,0,2025-07-10 09:34:55,Google Play
1,neutral,neutral,3,MySejahtera,en,Rasanya dah boleh matikan feature MySj Trace ni. Dah tak perlu 24jam active.,0d7c9337-caa3-4bf3-9c15-ab3bdfe8d6d1,0,2024-07-02 15:24:52,Google Play
1,neutral,neutral,3,MySejahtera,ms,"Mohon bantuan, kenapa saya suruh hantar (forget password) untuk (code) saya dah hantar e-mail saya tapi tak masuk pun dalam e-mail saya , menyusahkan betul lah",5b56d87b-acc6-4058-9541-322ab31e6c28,7,2024-06-29 17:40:24,Google Play
1,neutral,neutral,3,Grab,en,"Apps are great to use, but for grab rides, some pickup points in Singapore for example new estates like Tengah, is very confusing for drivers and/or passengers. It would be great if the company could train or update their maps drivers/riders use. this is so that they would know where to go to.",fa44281f-4e88-41b0-b2e3-ab706f486391,0,2026-05-19 15:21:27,Google Play
1,neutral,neutral,3,Grab,ms,Klau murah sikit lagi bgus,17f53e6f-b92e-4ec3-91ca-778b4114fc0b,1,2025-07-05 11:55:57,Google Play
1,neutral,neutral,3,Grab,en,"Tarifnya naik, banyak driver di lokasi tp dpt driver yg jauh. Buang2 waktu menunggu.",658a8a4d-f4d1-4e5c-a45e-8aa1e2f1dfb0,0,2026-06-20 06:47:14,Google Play
1,neutral,neutral,3,Grab,en,"pesen makan order placed nya lama banget, mau dicancel gak bisa.. masa harus nunggu sejam dulu baru bisa dicancel..",341255e0-ad8d-4ca6-9558-cffa45fff17f,0,2026-05-24 13:40:45,Google Play
1,neutral,neutral,3,Grab,en,"Good customer service from the company, but my main issue is the unprofessional drivers. Ordered some food at midnight, paid by cash, and somehow the driver asked me where's the tips. I thought tips aren't mandatory, and only if customer wants to give tips. It's not something that the driver demands from the customer as if the customers owe them money. It happened twice. Also how some drivers would just cancel my order halfway through without any confirmation, making me have to wait even more.",cec1cf7c-1704-455b-97df-5251e1958b26,0,2026-06-03 04:16:13,Google Play
1,neutral,neutral,3,Grab,ms,#payung raja...? Qunin/Qunin🪖,07711506-1fff-4d4f-aeba-e683816f8bfe,1,2024-09-20 14:42:40,Google Play
1,neutral,neutral,3,Grab,en,"it's quite good BUT make sure you select card before your first journey, otherwise there's no way to change once you start and you can get caught out, which is a stupid design",971b391e-68e4-4328-a850-b19588704704,0,2026-05-16 00:30:54,Google Play
1,neutral,neutral,3,Grab,en,"Delivery Man do not carry any changes with them, But service is good.",e4375336-8429-4b44-a88c-34accf4f94fc,0,2026-06-10 11:48:58,Google Play
1,neutral,neutral,3,Grab,ms,grab ni sangat berguna tetapi saya rasa sedikit terasa sedih la juga sebab separuh driver minta duit lebih time saya mau kosong tu lah diorang minta tambah 😔,a3c1fa03-c840-4125-90e0-43e1c3f9b9ff,1,2025-06-30 11:17:48,Google Play
1,neutral,neutral,3,Grab,ms,susah gila nk dpt driver dhla student nk kena gi kelas awal,e31bd259-8ea4-40ac-9fb2-9a429f7e4020,0,2026-03-09 06:14:54,Google Play
1,neutral,neutral,3,Grab,en,"lotteria cancels on me and the app wont give me my voucher back, so yeah",904797b7-3321-4e12-a715-d9b0c54e6855,0,2026-06-05 16:22:00,Google Play
1,neutral,neutral,3,Grab,ms,"harga berpatutan, driver juga mesra dan ramah.",4a5ee518-039e-407c-81e4-7d3003577317,1,2024-11-21 21:27:25,Google Play
1,neutral,neutral,3,Grab,en,"paylater is very convenient feature. but the payment to paylater is annoying if we don't bind a card to grab. if we want to top up from bank, it doesn't allow us to top up the exact amount, eg 83.23, but we have to top up 84 instead. and why do we have to top up and then only pay? shopee paylater can straight pay the amount via online banking! fix it please, it annoys me every month till I have to change my 5 stars review to 3 stars. thank you",61641f4e-bba8-4852-94da-ebd89cc0ce66,1,2026-06-10 09:42:56,Google Play
1,neutral,neutral,3,Grab,ms,ok lah walaupun caj terlalu tinggi tapi terpaksa guna lah...tq for CEO MANAGER GRAB,0075db19-41e0-4ec9-9c2c-2fa0f19ee4be,1,2025-05-16 10:54:07,Google Play
1,neutral,neutral,3,Grab,en,grab letak location jalan salah :/,0b9e691d-1f81-4530-883b-81882f7021bc,0,2026-05-24 17:50:52,Google Play
1,neutral,neutral,3,Grab,en,"for rides, it doesn't seem like the map is accurate.",df867c61-0d4e-44b4-a2fe-01296b71b5b0,0,2026-05-30 19:30:48,Google Play
1,neutral,neutral,3,Grab,ms,"💯Belum cuba belum tauk,,",89e72de1-76e7-4514-b9a7-867e5c9acbd8,0,2025-07-26 03:02:27,Google Play
1,neutral,neutral,3,Grab,en,ayaw ninyo ng cash gusto cashless hays,5d0c8c51-fae6-4c18-878e-20f97a0cb2ed,0,2026-06-21 12:37:13,Google Play
1,neutral,neutral,3,Grab,ms,Selalu berubah ubah kereta. Sepatutnya 1 warna sudah memadai,83c88084-0625-40f0-84ca-a312fea47554,0,2025-04-27 15:04:09,Google Play
1,neutral,neutral,3,Grab,ms,Tk boleh buka.. Beli sim baru.. Tpi nombor masih customer yang lama pakai.. Baik tk payah jual sim maxis ni.. Susahkan orang nk buka halaman ni.. Baik pakai celcom agi bagus,add35e17-1574-4cd8-bf8d-834d8cfc331c,3,2024-12-10 19:39:03,Google Play
1,neutral,neutral,3,Grab,en,"ini habis update ko malah nge lack terus ya, diminta cek koneksi. apps lain normal aja",71a8e2e6-6b65-47ba-93d7-efb6d6fc354e,0,2026-05-17 17:52:32,Google Play
1,neutral,neutral,3,Grab,en,"Làm UX khó xài, nhiều menu ẩn. Muốn edit lại review chả biến lần vào đâu. Nói chung app ngu vkl",3b58cb04-ac1c-45b3-9447-859b2f2228b0,0,2026-05-25 17:34:51,Google Play
1,neutral,neutral,3,Grab,ms,"sebelum ni guna grab ni ok je, cepat dan harga pun sesuai.....tapi sekarang harga tetap rm5 , bila dah oder pemandu call naik kan tambang rm10 . tiada kejujuran.. sebelum ni guna grab harga tetap rm9. sekarang harga tetap kadang rm5 boleh naik sampai 9 dan 10 kadang ada sampai 13😮‍💨",e3c42440-009b-40be-a588-662d400ba3c0,1,2025-05-18 02:16:36,Google Play
1,neutral,neutral,3,Grab,en,susah babi mw book,33ac27f6-5265-4ca9-ac6d-dc9f2bd563d1,0,2026-05-21 17:34:51,Google Play
1,neutral,neutral,3,Grab,en,"Laging kina cancel is booking, choosy din un ibang driver e",c9f2953f-606c-48c7-946a-e041db47546b,0,2026-05-24 14:03:13,Google Play
1,neutral,neutral,3,Grab,en,good drive safe,5e6d218e-2fd9-4f61-bb2c-6db490c08c09,0,2026-06-09 00:53:30,Google Play
1,neutral,neutral,3,Grab,en,Is the grab system down now ?,5c78b75b-c9cb-4338-9c14-9507a191dceb,0,2026-06-07 08:11:33,Google Play
1,neutral,neutral,3,Grab,ms,Screenshoot picture dan pindah ke duitnown juga tidak pernah digunakan ja lagi.,b7acdbc2-fcda-40b4-b64d-c2ad5a835f80,0,2026-05-21 23:30:42,Google Play
1,neutral,neutral,3,Grab,ms,"Saya di sini untuk meminta tolong... Kembalikan kredit untuk topup ""CELCOME""😭 saya sedang sulit nak topup internet celcome untuk teruskan monthly internet",6c179203-612d-4340-b030-4fab8cf09520,3,2025-01-10 09:09:08,Google Play
1,neutral,neutral,3,Grab,en,darkmode on chat still not fixed yet,53113e7a-0766-4cb7-bf95-7693c628de7f,0,2026-06-03 10:03:01,Google Play
1,neutral,neutral,3,Grab,en,"I don’t know what to say… I ordered a Grab from my location, but the driver went to another location. When he called, he told me that I booked the wrong location, but the app clearly showed the correct location that I selected. Now I want to cancel the ride, and they’re charging me RM3 even though it’s not my fault. What the hell? Now I have to pay even though I did nothing wrong.🤷",9a3fcbda-effd-421f-9a9f-5fc54e9fd322,1,2026-05-16 18:41:29,Google Play
1,neutral,neutral,3,Grab,en,"i have to update the app when i really have to go somewhere, and it took so long. pls gave choice to update it sometime later",f5bf1c70-1f52-406a-ac8a-798ccc413298,0,2026-06-03 17:10:58,Google Play
1,neutral,neutral,3,Grab,en,why didn't have touch n go payment?,ccc40110-09c4-42fc-be37-fe6e20b7dcff,0,2026-05-27 21:45:40,Google Play
1,neutral,neutral,3,Grab,en,To many notifications,72a0d83f-daf7-419d-878e-ac4d619032e7,0,2026-05-20 16:23:45,Google Play
1,neutral,neutral,3,Grab,ms,i hate this because i wait so long to wait the driver accept my booking!!!!,9a43477f-3cd4-4e05-ba14-2103b2eb3203,2,2025-09-19 18:41:34,Google Play
1,neutral,neutral,3,Grab,en,it's good and all but one thing I don't like in this app is the unjustifiable price of their delivery fee where some of the foods costs less than the delivery fee. it pisses me off sometimes.,ef1dca44-8553-4f06-9293-a34b7bd5d210,1,2026-05-31 13:01:35,Google Play
1,neutral,neutral,3,Grab,en,เรียกรถยากมากค่าาา รอสามสิบนาทีตลอดเลย มันแอบนานนะ ถ้าเรารีบต้องการด่วนงี้ แม้จะเผื่อเวลาแล้วก็นานค่ะ,64893b1c-b498-404c-a560-2baa2cd7524e,0,2026-05-18 09:06:51,Google Play
1,neutral,neutral,3,Grab,ms,kenapa saya tak boleh deta grab,9068b97b-61ba-4674-a9fd-c1b034e55f6c,0,2026-04-09 16:30:49,Google Play
1,neutral,neutral,3,Grab,en,"Terrible system; can't even cancel an order that just got ordered literally seconds ago; because the system decided to order it without going through 2 phases (jumped directly to the second phase - ""check order"" phase was skipped), without letting me check my orders! And the price was twice the previous time I bought at the same store for the same items! Good thing the driver understood my request and cancelled my order, otherwise I had to pay twice the amount for the same stuffs!",cc14f7bf-5f84-498d-b0fe-a9644ba2271b,2,2026-06-15 14:00:32,Google Play
1,neutral,neutral,3,Grab,en,pay through online not activated because use grab pay ewallet,3354bfb9-fb73-47ba-8ee4-d22429e4eb80,0,2026-05-30 13:02:58,Google Play
1,neutral,neutral,3,Grab,ms,Aku bagi tiga jeer sebab tak boleh top up Digi,efed3fe3-13b2-4eb7-be2b-41918d43667a,2,2025-02-22 03:19:49,Google Play
1,neutral,neutral,3,Grab,en,"it is not even raining and yet, Grab says it is and charges me more than double.",f5feaebf-6d3b-44d3-9338-abedf209103d,0,2026-05-16 14:01:00,Google Play
1,neutral,neutral,3,Grab,en,ice latte tawar and pahit,7506c748-50bc-4b50-a869-c0f227a78845,0,2026-06-01 23:59:31,Google Play
1,neutral,neutral,3,Grab,en,"i cant open my app. its stuck at secure with pin. but when i put on pin, it says pin setup failed. been trying since hours. i cant even chat cs when i cant even open the app.",8287f9c7-0277-48ff-8899-2cf88e93fe1f,0,2026-05-23 19:25:13,Google Play
1,neutral,neutral,3,Grab,ms,okay tak ada masalah.,b9f15a64-9139-4ef4-909c-e03504ce5ebf,1,2025-09-08 11:01:32,Google Play
1,neutral,neutral,3,Grab,en,This app helping not much,66d3c7c2-efd7-449f-b6e6-df8d9b372792,0,2026-06-17 02:33:21,Google Play
1,neutral,neutral,3,Grab,ms,"Grab sekarang banyak mahallllllll gile,,dia masih jauh pun dia ambik,,nnti kalau dah tak ada penumpang cam texi baru tau",ff20853c-c9a4-471c-8353-1105a57a43c9,1,2026-01-13 10:05:44,Google Play
1,neutral,neutral,3,Grab,en,"kurang bgt, malah ngasih driver yang masih ada orderan, redup aja redup",875dc3e0-6be7-4236-ac83-77aab0409672,0,2026-05-16 14:26:16,Google Play
1,neutral,neutral,3,Grab,en,sangat kecewa susah dapat driver d jam-jam tertentu,d010a056-b53e-44c6-b243-28a20dd1265c,0,2026-05-26 19:28:14,Google Play
1,neutral,neutral,3,Grab,en,why I can't update the emergency contact portion here?,45f83501-ee91-4acb-bcb7-f5fec9e330ae,1,2026-05-22 17:22:49,Google Play
1,negative,negative,1,Touch n Go eWallet,ms,kenapa tng saya tak boleh nk tukar no pin.. sbb saya lupa no pin tu,a07a3cd3-764d-4124-a003-834ecf55f849,0,2026-06-17 19:11:45,Google Play
1,negative,negative,2,Touch n Go eWallet,ms,sedih nya..dh kemaskini terus ada masalah ..sebelum kemas kini ok ja tng ni..,244df488-2680-4b5c-910f-7a8d399d6e1c,3,2026-04-08 12:52:31,Google Play
1,negative,negative,2,Touch n Go eWallet,ms,"Saya buat akaun recovery .Akaun saya dah disahkan dan tidak dapat dipulihkan juga walaupun menggunakan nombor yang dah dikemaskini, dan emel yg sama.",74e0ccdf-93db-4373-b83b-20f28b63a666,0,2026-04-26 08:38:20,Google Play
1,negative,negative,1,Touch n Go eWallet,en,"Unable to reload my My50 Pass. The payment was successful, but the reload amount was refunded back to my account a few minutes later.",abbf4fac-26a8-4fca-b8a0-3b2925e53cfb,0,2026-06-20 09:41:09,Google Play
1,negative,negative,1,Touch n Go eWallet,en,I can't verify,741cf1fb-c0ba-43d1-9f46-2cc141317cf7,0,2026-06-12 11:35:46,Google Play
1,negative,negative,2,Touch n Go eWallet,ms,senang membuat pembayaran,28583973-e7f2-4657-ae19-8303f13212da,0,2026-06-08 13:39:03,Google Play
1,negative,negative,2,Touch n Go eWallet,en,"This new version is kinda bad, I tried to use auto debit payment to pay apple+ service but it was still pending even though I already top up some money to my ewallet. It's been pending for a few days I don't know how to settle those payments, I linked to my ipad and unlinked a lot of times and it still can't pay the pending payment, I wish I can pay it manually so that it won't stay pending in my account. If the pending payment has been settled, I don't think I will use this app anymore.",e97a2f8d-9b55-4367-b303-c7ee91f2f75e,2,2026-06-13 20:19:42,Google Play
1,negative,negative,2,Touch n Go eWallet,en,always lock me out whenever i receive funds from top up n transfer .. inconcenient .. embarrasing as well especially while making payment,bd28e57a-8688-43b5-b95f-4aadf082afc3,0,2026-06-04 11:02:11,Google Play
1,negative,negative,1,Touch n Go eWallet,en,"recent update put useful mini apps to dormant. change of UI and buttons not for ease of usage but to force as much ads as possible to users. the TnG card button is no where to be found, probably hidden somewhere, thou can still be viewed with search bar. worst UI development team ever, you need to get them replaced.",1f68bcc3-d381-473b-9db6-3536f37e0101,0,2026-06-20 22:09:08,Google Play
1,negative,negative,1,Touch n Go eWallet,ms,kenapa buat pindahan duit ke bank 10 ringgit dipotong. pindah 30 masuk bank 20 jerr,1129dab5-5474-4c62-80d5-43edd458d314,2,2026-06-13 16:23:50,Google Play
1,negative,negative,2,Touch n Go eWallet,en,This last updqte is a real mess. Cant find tng card and transactions section. All layout is changed . Its a big mess in main page.,64957311-e7d7-4896-903c-4db38bc84537,0,2026-06-12 17:21:05,Google Play
1,negative,negative,1,Touch n Go eWallet,ms,"saya ada pernah buat account tng,and saya sign dekat nombor lama, tapi saya lupa saya pakai account google yang mana,boleh tak bantu saya",45c0de3a-17d7-4fe5-9356-594df9c32304,0,2026-06-06 19:55:23,Google Play
1,negative,negative,1,Touch n Go eWallet,ms,"kurang puaskan, sebab akaun baru sudah buat, tapi dia pusingkan akaun yang lama, dah sampai sini jelah saya guna TNG ini😠😠😠",f3802f7d-dadb-4aea-9d5c-6a249743704e,0,2026-06-09 15:07:53,Google Play
1,negative,negative,1,Touch n Go eWallet,ms,"kenapa saya nak login ACC saya tidak dapat, dia nyatakan permintaan anda tidak berjaya.",38c98ed2-c453-4545-9933-f194cba1caaa,0,2026-06-20 13:06:58,Google Play
1,negative,negative,1,Touch n Go eWallet,en,"Horrible cs whatsapp for go invest principal, ending chat without follow up email | Always have scammy programs like Buzz that loves rugpull",17c9d994-906d-4760-8aca-1b321b6775be,0,2026-06-13 19:34:30,Google Play
1,negative,negative,1,Touch n Go eWallet,en,Just for transaction purpose. Rewards and point collected is not attractive.,109b6a43-ae88-4f13-a3a1-4de7283a5de4,0,2026-06-13 16:14:56,Google Play
1,negative,negative,2,Touch n Go eWallet,en,"Apps buffering took a shorter time before BUDI95, please look into this as it really affects payment speed.",ac08a578-5726-4ea7-836d-0742b9e827de,0,2026-04-27 06:25:14,Google Play
1,negative,negative,2,Touch n Go eWallet,en,"Subject: Dispute on Unauthorized Auto-Debit Transaction - RM29.90 ​Dear Touch 'n Go eWallet Support Team, ​I am writing to report an unauthorized auto-debit transaction of RM29.90 by the merchant ToolX Digital Limited, which occurred on 02/06/2026 at 8:30 PM. ​This is an unauthorized subscription that I did not sign up for. The merchant has made multiple failed billing attempts in the past due to insufficient balance, and they successfully deducted RM29.90 recently when my wallet was reloaded. ​",f47e14b3-7b18-46d3-9c9f-d49f9b49c60f,1,2026-06-05 21:07:09,Google Play
1,negative,negative,1,Touch n Go eWallet,en,haku bagi 1 bintang je lepas dia upgrade tng yg baru buln 5 2026 ni..nmpk mysahkn plak..button topup tol yg dulu ok je di homescreen..lps upgrde ntah mana2 dia letak laaa,28493ab2-1581-4f4f-9e8a-4d704d2ae2ef,1,2026-06-13 08:43:29,Google Play
1,negative,negative,2,Touch n Go eWallet,en,"I always face this issues and I don't understand why. theres always pending transaction in my ewallet for toll payment, although I always have sufficient balance in my nfc tngo card, its annoying seems like I have debt with tngo. please fix this error",18d8d607-25ac-4711-b7f9-f77de8278e33,0,2026-05-01 09:33:21,Google Play
1,negative,negative,1,Touch n Go eWallet,ms,saya punya akaun pun tak boleh buka dah lah duit saya ada dalam tu,bd6cc5fd-1137-4c9d-bdc5-a61121b463d8,0,2026-06-19 20:52:59,Google Play
1,negative,negative,2,Touch n Go eWallet,en,suka mkn duit orng bile main game die ape bnde ni,5a58bbfb-e5b3-4ff2-a46b-f2a719164ce5,0,2026-06-08 19:36:22,Google Play
1,negative,negative,2,Touch n Go eWallet,ms,akaun lama tak ada lagi sebab dh tukar nombor telefon.nak buat akaun baru tak dapat macam mana nak buat akaun baru.,805e9613-85ae-418c-9a1d-62e7ff786dc5,0,2026-05-17 12:51:41,Google Play
1,negative,negative,1,Touch n Go eWallet,en,"after update, with new ux, now it is not easy to find icon to reload tng..you just spam us with lot of rubbish..im wonder what type of programmer or web designer u hire..almost zero knowledge in user exp..fix this!!!",7a2d107a-be17-47f5-8218-82967be7ba48,0,2026-06-14 21:33:44,Google Play
1,negative,negative,1,Touch n Go eWallet,en,latest update theres no card optional to topup.. very difficult to topup card.. give us back button card infront UI,37853277-1d51-4bea-be9a-08416e2e4d2b,0,2026-06-15 06:58:51,Google Play
1,negative,negative,1,Touch n Go eWallet,ms,sy dh daftar lepas tu bila nk buka x boleh,7786bc73-7902-495e-82a7-72ca8af729d6,0,2026-06-14 18:03:34,Google Play
1,negative,negative,2,Touch n Go eWallet,ms,"password aku dah tulis betul tiba² dia cakap salah, tak pasal² kena tukar password dengan tunggu 3 jam",b672028d-00dc-45ea-8dab-71207b0acdb2,0,2026-02-13 23:16:58,Google Play
1,negative,negative,2,Touch n Go eWallet,en,"the app is okay, but when I was buying my prepaid through tng, I had 15 in it so I decided to brought Rm5 for 5days. they decided to deduct Rm10??? for no reason. mind telling me why?",772f5f73-d434-496a-b6dc-9fe4c56e3ad9,0,2026-05-24 19:21:04,Google Play
1,negative,negative,1,Touch n Go eWallet,ms,"kenapa aku dah log in pastu hujung hujung dia kata , (masalah telah berlaku, sila cuba lagi , sila semak dokumen anda), aku dah cuba banyak kali dah, daripada restore pasti download balik pun tak boleh. terpaksa bagi 1 bintang.",31f6e4a5-78ad-4339-b6db-2a9e4ac62903,0,2026-05-20 03:00:27,Google Play
1,negative,negative,2,Touch n Go eWallet,ms,masuk kan aplikasi yang tidak mau kena langgan lepas tu kena pay direct tiba tiba,315127d3-74bc-40e4-bec5-25c20fd9cd26,4,2026-02-21 07:38:43,Google Play
1,negative,negative,1,Touch n Go eWallet,en,Where is tng card options. Why did u remove. How to top up tng card then!!.... U show those useless stuff to us for what?,4e9348f7-709f-4e07-8b16-44a4121a3ccd,0,2026-06-18 14:47:04,Google Play
1,negative,negative,2,Touch n Go eWallet,ms,daftar dengan ID KTP indonesia mengapa tidak bisa selalu berulang dengan sahkan akun,7b3c6aa0-0499-4a9b-9d77-be37910b4314,0,2026-02-07 12:12:02,Google Play
1,negative,negative,1,Touch n Go eWallet,en,"boleh tak jangan rompak duit orang, letak kat tempat aku tak boleh nak gune, boleh tak jangan letak duit aku kat go plus sampai aku tak boleh makan sebab insufficient fund, bukan semua orang kaye",d1e13cd7-fbaf-4318-8924-e79fdc3ca376,0,2026-06-16 12:15:09,Google Play
1,negative,negative,1,Touch n Go eWallet,en,latest update worst,f17aa6c4-7201-4283-8468-ad26102ad963,0,2026-06-17 22:28:51,Google Play
1,negative,negative,1,Touch n Go eWallet,en,the verification takes ages come on there are many more user friendly apps,bf8109a5-0998-4534-99c6-e564531d0a18,0,2026-06-14 22:09:13,Google Play
1,negative,negative,1,Touch n Go eWallet,en,after update reload take so many time. before this instant reload easy,017cca2d-35d9-465a-8645-037d24ef08b1,0,2026-06-20 17:19:01,Google Play
1,negative,negative,2,Touch n Go eWallet,en,x boleh buke app,d25b28dc-12e8-441b-ab35-0c44dd9c3af3,0,2026-05-30 10:14:11,Google Play
1,negative,negative,1,Touch n Go eWallet,ms,Akaun tng saya kene rm5k abis ilang,7aa46b05-5be2-4a88-a7ce-e4af302f12be,0,2026-06-06 23:15:37,Google Play
1,negative,negative,2,Touch n Go eWallet,en,the system getting worse and I cannot use any ringgit in this app.... is getting worse by the second... I maybe not want to use this app anymore...,db4f0a78-d5b8-43a3-ba65-a1c9c242f9d0,0,2026-06-03 05:31:46,Google Play
1,negative,negative,2,Touch n Go eWallet,en,clustered & many pop-ups. the pop-up ads before i make payment is infuriating. im seriously considering other options,f3b60293-6537-48d2-a777-56a6e0a8a978,0,2026-06-13 22:22:16,Google Play
1,negative,negative,1,Touch n Go eWallet,en,"Tak cerdik punya developer applikasi ni...nak topup kad tng pun payah nak cari feature tu. Jual kad RFID, tadi nak topup dgn apps pun sukar.",31a10837-321d-4db7-9ad6-649ca80c8fb3,1,2026-06-12 12:59:30,Google Play
1,negative,negative,2,Touch n Go eWallet,en,X active skian lama,733daa0f-a7a5-433a-9f02-6b438f515ee4,0,2026-06-19 07:09:13,Google Play
1,negative,negative,2,Touch n Go eWallet,en,"A+Rewards can't purchase the vouchers with pop up T& C error issue like Reload Pin vouchers and Taobao vouchers from last night until now still not solved yet. Recently, A+ Reward purchase vouchers payment system also usually failed pop up E Wall payment method error. Why the Technical Support of the system can't detect the problems immediately and solved it immediately? poor support",956aa11d-7890-4e92-84ec-db5ce5a9f9cb,0,2026-05-24 16:06:33,Google Play
1,negative,negative,1,Touch n Go eWallet,en,it x log in or work efficiently.,42c820a5-85ba-4942-9986-cba0e6a653f6,0,2026-06-12 12:20:50,Google Play
1,negative,negative,2,Touch n Go eWallet,en,"The recent update makes it less convenient to view my eWallet balance. The app now prominently displays total assets across all TNG financial products, which may be useful for some users but is unnecessary for those who primarily use the app as an e-wallet. I preferred the previous interface, where the Wallet balance was shown by default and total assets were available under GoFinance. Please consider restoring this option to improve usability and privacy.",e414e316-02a7-4dfd-b8ec-69a3ea1d2fbe,6,2026-05-09 14:49:24,Google Play
1,negative,negative,1,Touch n Go eWallet,ms,"bodoh la korang ni,sial betul aku betul betul kecemasan nak bayar rumah sewa,so aku beli lah pin tng,tp lansung tak boleh hantar,ehh ikut suka kitorang lah nak buat apa dengan duit kitorang,yg korang ni memandai pula tak bagi transfer,ibarat korang mencuri duit pelanggan sial,dah masuk dalam apps korang lps tu korang pula yg atur kan apa yg boleh dan apa yg tak boleh dengan duit org??apa la bodoh sngt,dah kenapa pula aku beli pin tng dgn sampah ke bodoh?aku beli dgn duit hasil titik peluh aku,",f66c05a5-d7e8-4815-8bbf-daa1b13ecc6e,2,2026-06-06 15:23:22,Google Play
1,negative,negative,1,Touch n Go eWallet,ms,sye x dpt msuk guna no fon baru,1b251f55-8317-45d2-b4c5-29276e63c5f4,1,2026-05-31 13:10:26,Google Play
1,negative,negative,2,Touch n Go eWallet,ms,pulih tng saya ...susah n transfer duit,b065db85-13b2-4bc3-87f1-c05e3975b4bd,0,2026-01-12 13:55:59,Google Play
1,negative,negative,1,Touch n Go eWallet,ms,tolonglah time xda cash .harap duit dlm tng saja. masa 2 pulak akaun secure ntah ap lh......x bleh guna sma sekali......rasa mcm nak memaki smpi nenek moyang tng.....geram nya ak.....,863b6084-bb1c-4cbe-bd88-45b39cb14ab1,1,2026-06-09 00:50:14,Google Play
1,negative,negative,1,Touch n Go eWallet,ms,asal aku dah login tulis akun tidak berjaya tng ni bodoh ke,a9c0ad1b-604d-4360-a769-e6b117d816a1,0,2026-06-11 14:44:50,Google Play
1,negative,negative,1,MySejahtera,en,mysejahtera doesn't work on my samsung s24 ultra at all! Tried uninstall and reinstall few times also same,f8490c16-99ed-452b-95eb-3baa199d9f42,1,2026-04-22 00:20:49,Google Play
1,negative,negative,1,MySejahtera,ms,Loading teruk nak buat appointment pun tak boleh,4032be37-9bfe-498b-aca4-3f2d6fb4c302,0,2026-06-09 17:17:45,Google Play
1,negative,negative,2,MySejahtera,ms,Saya terluka kata laluan..tapi tak dapat apa-apa email atau masej untuk resit,81a6561e-bdeb-4fbf-a1b2-2920938b6e5b,37,2022-07-26 11:47:27,Google Play
1,negative,negative,1,MySejahtera,en,"tak tahu kenapa saya tak boleh nak buat appointment melalui mysejahtera. pergi kk pergigian, nurse guide install mydigital id then reinstall mysejahtera dan cuba nak link dgn mysejahtera, bila nak logout, tak response. dah restart phone, sama jugak tak response.. macam mana nak buat? contact no pun tak ada nak tanya dan rujuk.. help!!",8041ad79-4975-4325-acea-81c3138188f4,0,2026-04-24 18:32:49,Google Play
1,negative,negative,1,MySejahtera,ms,"mysejahtera rosak,saya punya vaksin covid terus hilang, saya punya",24837b8d-0091-4a3b-9ff4-18c1af538202,0,2026-03-06 21:37:43,Google Play
1,negative,negative,1,MySejahtera,en,Cannot login via Mydigital id. Try reset pass also cannot said doesn't match. Try register said already in system. Please help ASAP.,25b1c3ca-8dae-4d29-b3b5-3010fa5a09f4,0,2026-06-08 09:26:25,Google Play
1,negative,negative,1,MySejahtera,en,I can't use,6cb6e13d-7381-4d3d-a1f1-928808a047de,0,2026-04-19 04:32:07,Google Play
1,negative,negative,1,MySejahtera,ms,payah sudah saya log in susah juga mau masuk² apa ni. Tokong lah sikit,f6433f98-c502-48bd-969d-9e49deae41e9,1,2026-05-12 22:07:54,Google Play
1,negative,negative,2,MySejahtera,en,sometimes the facilities health not appear and all appointment are not available to book,c30dce16-2edb-472a-8008-dcd0d42e5ed4,0,2026-04-04 22:31:57,Google Play
1,negative,negative,1,MySejahtera,ms,"saya dah kemaskini mysejahtera, kenapa tak boleh tengok bahagian profile",f495ca5e-e17c-41ce-bdcf-a3b07fbb7409,0,2026-01-02 18:01:48,Google Play
1,negative,negative,1,MySejahtera,ms,meyusah org..cari sijil vaksin tak jumpa jumpa.,6acb4a5e-91a9-40b8-9d10-4e1fb8760759,2,2025-09-02 19:53:50,Google Play
1,negative,negative,1,MySejahtera,en,apps tak boleh sign in dgn myDigital id.. FIX IT NOW !!!,3ec45fa6-1f12-4384-a850-1870f3bb1b4c,0,2026-05-05 19:53:58,Google Play
1,negative,negative,2,MySejahtera,en,Ada apps da bagus da. Tp sistem tk updated. Vacine dah amik tkde rekod. Lab test tak masuk. Belum cerita pasal booking system. Nak booking xde slot. Bila call klinik ada je kosong. Tak sycronize langsung.,1d2eca60-6016-47c2-b530-6bcd6833de06,0,2025-01-27 03:49:05,Google Play
1,negative,negative,1,MySejahtera,ms,"Susah nak tukor id baru, yang id lama dah hilang",b1c7c870-820a-4442-85ce-febd89f414a4,0,2025-09-26 18:05:37,Google Play
1,negative,negative,1,MySejahtera,en,"i can't even book for appointment. i keep click on my name for booking but nothing keluar. its been a months, i have report on helpdesk but nothing change. im sick of this !!",f83d72d0-168a-4d78-8c18-d53b7b302c75,0,2026-03-13 05:25:38,Google Play
1,negative,negative,2,MySejahtera,ms,tak boleh tekan nama untuk buat temu janji 😑,19861ef1-9d4e-4ac2-a40b-fa2ebee1487b,0,2026-06-08 20:27:13,Google Play
1,negative,negative,1,MySejahtera,en,macam bodoh takleh login,dffca5d5-be4d-4075-b2f4-5dd569ed72bc,0,2026-06-11 12:32:18,Google Play
1,negative,negative,2,MySejahtera,ms,saya nak buat temujanji pergigian. hari tu boleh je. sekarang semua penuh sampai 2029 pula tu pun penuh. betul atau x ne. adoii biar betul,e7c60790-8b8b-43cd-96a3-a5b675b36fb4,52,2026-05-20 20:49:57,Google Play
1,negative,negative,2,MySejahtera,ms,dah hampir 3 tahun tak dapat akses,bb71549c-0efc-4f1b-8cd5-641435ca0b97,4,2025-06-27 15:30:35,Google Play
1,negative,negative,2,MySejahtera,en,It's great for booking an appointment but the QR code scanner from the apps doesn't work well on my phone so I have to manually scan the QR outside the app 🫩,273ae874-7d8d-4e0a-bdbe-09f943a14cda,0,2026-05-04 08:24:27,Google Play
1,negative,negative,2,MySejahtera,ms,Napa mysejater skrg xfuntion buka keluar putih je ingtkn sbb fon wat dkt fon lain pn sma... Org lain nk daftar letak keputusan swep test pn sma kluar putih,287ba470-935b-4bd1-a6ef-40d2aabb743c,2,2022-11-16 13:31:43,Google Play
1,negative,negative,2,MySejahtera,en,i have sign in but when I open the app everything is white nothing on the display,6156b15e-83a9-4966-8c99-b54248f5e44b,0,2025-12-22 04:43:01,Google Play
1,negative,negative,2,MySejahtera,en,"I dont know why, but this app ,after updating, it didn't work anymore. when i want to make an appointment from here to go to clinic, it didn't show my name anymore. When i enter the appointment, it just looks like loading for the entire time.. even though my internet is fast.. ill try using wifi, but it just the same.. please fix this problem. I hve tried to uninstall and reinstall again, but it doesn't work either..please fix it asap..... Tq",23906935-35fd-4a63-ac2d-1b4cbf357456,4,2025-02-28 13:54:48,Google Play
1,negative,negative,2,MySejahtera,ms,Dah bnyk kali nak tekan kata laluan mesej tak sampai²,675ce792-a50e-4d93-ba5e-1565a1ab0f3e,6,2022-10-25 19:12:44,Google Play
1,negative,negative,1,MySejahtera,en,Awful. Next available slots for outpatient treatment is 1 month away. Good luck if you are sick or in pain. Brainless system. For whom is this system created for anyway? Fortune tellers who are able to predict their illness one month in advance?!,bc1a6c66-8126-497f-ac08-17a12d591050,0,2026-02-14 15:51:47,Google Play
1,negative,negative,2,MySejahtera,ms,Aq vaksin dio tulis x vaksin lagi,6f330dab-9e3e-4a20-8456-19743a2a3b20,0,2022-04-23 16:07:39,Google Play
1,negative,negative,2,MySejahtera,en,After I got the app back I don't know where to upload and update my covid test..... Someone please help me n show me thanks,046789b0-a69a-4fe5-a7ab-f4ca239f50ac,0,2024-07-31 18:41:36,Google Play
1,negative,negative,2,MySejahtera,en,Appointment option x function. loading all the time,0ebb710c-fc2a-441f-b2cc-b8f33f2b8052,1,2024-01-08 03:39:44,Google Play
1,negative,negative,2,MySejahtera,en,Frequent updates that do nothing to add to the user experience.,ddad5491-c452-44c6-a0ee-f557b6174aab,0,2025-04-03 11:56:33,Google Play
1,negative,negative,1,MySejahtera,en,"Horrible app where nothing works. A sure sign that KKM is collapsing, but no one in power really cares.",4c466fe7-a3ad-4487-8efe-2e7a86d0a689,0,2026-03-03 09:39:59,Google Play
1,negative,negative,2,MySejahtera,en,saya sekarang duduk KL nk balik nanti nk check gigi nk buat appointment check gigi di Kelantan search tk keluar apa pon search Kelantan pon xde keluar tkkan xde klinik gigi kt Kelantan,b4380870-cce2-4439-a3e2-0a2b48a9a3e6,0,2025-06-18 19:07:14,Google Play
1,negative,negative,1,MySejahtera,ms,X bagus 😓,ab6518f5-51fa-4151-813f-ec3c88cc7957,0,2026-02-03 05:01:11,Google Play
1,negative,negative,1,MySejahtera,ms,"menyusahkan pengguna la app ni.. dulu tinggal masuk ic dh boleh log in, skrng nak log in pun tak boleh ,dah buat baru pun tak boleh.. tak keluar apa2 bila tekan log in asik2 suruh tunggu 3minit ,dah tunggu pastu fail .. bodo siak yang buat app ni.. aku nak semak tarikh masa ambik covid je pun .. sampah tak reti buat app👎👎👎👎👎👎👎👎👎",4de0a634-f65d-41df-a627-d600dc3595ff,0,2026-06-15 08:32:05,Google Play
1,negative,negative,2,MySejahtera,ms,lepas kemaskini mysejahtera versi terbaru rekod vaksin hilang.,24455dc8-a58f-4b2d-b716-a8b2c908ab86,0,2025-07-08 13:43:26,Google Play
1,negative,negative,1,MySejahtera,ms,vaksin sy sini keluar satu ja,d4e80e6b-c5d5-410e-acb1-d38edf124ba1,0,2026-02-23 10:39:06,Google Play
1,negative,negative,1,MySejahtera,ms,tgah bukak app.. tetiba app log out.. dah kenapa.. app my sejahtera ni.. sblom ni okay je. Minta perbaiki pengurusan app my sejahtera ni.. jgn menyusahkan rakyat bila khidmat ni diperlukan.. chooii !! 😤🤬😡,c31bbd12-7c0d-4556-bcff-86dab7f04638,2,2026-05-17 17:48:59,Google Play
1,negative,negative,2,MySejahtera,ms,rekod vaksin saya tidak dapat di buka.. terlupa kata laluan,c911fa7e-9b45-4866-8679-d570ef056413,0,2025-09-11 03:03:05,Google Play
1,negative,negative,2,MySejahtera,en,"Mytrip QR code can only last for 30 seconds really annoying, this cause a lot inconvenience when your internet isn't stable and you're unable to generate QR code.",b3976c81-306b-46b9-bb28-5fd37b69037a,0,2024-06-03 17:58:58,Google Play
1,negative,negative,1,MySejahtera,ms,Macam mana cara nak kemaskini emel baru?..saya sudah tidak pakai emel sebelum nya,be54cb2e-d728-49ad-bbac-d47c087173c7,2,2025-12-09 19:23:59,Google Play
1,negative,negative,2,MySejahtera,en,"The app keeps telling I'm offline when I'm using mobile data, but it works fine when I'm using wifi…… please fix this……",9605b2a5-2730-493e-832f-4257f6c36412,1,2025-01-20 08:48:42,Google Play
1,negative,negative,1,MySejahtera,ms,data rakyat dijual LOL,a563ede9-3fb9-4980-8797-c548dbae9aed,0,2026-05-20 15:56:50,Google Play
1,negative,negative,2,MySejahtera,ms,"AppLikasi ini sudah lama tidak aku muat turun, Macam mana untuk saya buka sudah lup!?",698001aa-9a98-4066-b704-2535208a1fe6,1,2023-10-07 21:35:01,Google Play
1,negative,negative,1,MySejahtera,ms,"menyusahkan orang jak, mau buat temu janji endk dpt app apa ni , mau tukar nombor fon pun susah , mau masuk 3 tahun suda endk bole buat temu janji, jumpa doktor gigi pun susah sikit sikit mysejahtera, ini bukan mensejahtera kan menyusahkan adalah",a8c49fa2-e916-4ee3-9fa2-8ea7e7172dc0,3,2026-06-13 05:31:10,Google Play
1,negative,negative,2,MySejahtera,en,"I cannot make an appointment. The webpage always on loading. Even after updating the new version within this week, still back to the loading page.",807b3662-826b-4358-a729-b6e82f8999b6,1,2024-10-10 19:21:40,Google Play
1,negative,negative,1,MySejahtera,en,"panggil saya book appointment,tapi hari2 tak ada slot",66f3be03-50da-4a29-89b1-f682f656d357,0,2026-05-10 22:40:45,Google Play
1,negative,negative,1,MySejahtera,en,tidak boleh guna pon app ni.... loading je...,e8c01c19-4daa-4a41-83df-70d94d8c83ec,1,2026-05-18 05:54:45,Google Play
1,negative,negative,1,MySejahtera,en,"the apps itself is fine and all. but, the problem is, The facility showed is avaioable, but the date even if its Next month also No avaipable.is the double standaed even Get its own waay to Govermentbapp as well?",07bffc74-5b01-4920-a9fb-19e57425f3d5,1,2026-05-12 14:08:16,Google Play
1,negative,negative,1,MySejahtera,ms,kat bahagian mana yg sijil vaksin ni..cari tak jumpa,4ebfb930-c91c-4e58-91c3-e6cbc9d9c2fc,0,2026-06-07 19:23:20,Google Play
1,negative,negative,2,MySejahtera,en,"Tolong betulkan semula mana yang kurang.. saya nak buka mysejahtera ni untuk buat saringan pra perkahwinan pun ambil masa lama.. on WiFi barulah laju.. kalau saya dah sampai ke KK yang saya buat temu janji, dan sukar untuk dibuka dengan line internet sendiri, agak melengahkan masa disitu sedangkan buka apps lain tiada masalah Tanpa WiFi.. betulkan semula agar senang dibuka.. edit: storage saya tak penuh.. hari2 saya clean",9ddcb14b-04e8-43d6-aed9-70a482978dda,0,2024-03-15 08:49:29,Google Play
1,negative,negative,1,MySejahtera,ms,bila pakai my id kene berulang ulang masuk pasword strees hari ni temu janji tapi xboleh buka,2f01987f-0e29-4927-b63d-fb48523d1b70,0,2026-05-18 08:03:36,Google Play
1,negative,negative,1,Grab,en,yung sapatos po naiwan,d6e614c9-4868-4c2d-b024-018db7361e37,0,2026-06-20 22:43:41,Google Play
1,negative,negative,2,Grab,ms,grab harga sangat mahal,07a10ede-0602-49c6-a32b-29f50b923e9f,0,2025-08-15 12:25:42,Google Play
1,negative,negative,2,Grab,en,sobrang pricey na ng pamasahe ng grab jusko. overpriced. 🥹😭😭,6a28c96d-318a-4c56-acc3-20ecaa83005e,0,2026-05-26 11:03:28,Google Play
1,negative,negative,1,Grab,ms,grab ni ok tapi asyik mahal je memanjang,187d6826-cef6-4a42-872f-28a8eee6d2e9,0,2026-02-09 07:16:29,Google Play
1,negative,negative,2,Grab,ms,Cuba dulu kalau Bagus baru bagi 5 star,1fbe3434-181e-4301-a67f-7f64c16aafb8,0,2026-03-06 04:17:17,Google Play
1,negative,negative,1,Grab,ms,oder laju tapi masalah pembayaran allah jalan kaki 14 minit ja sekali oder grab harga yahudi sampai 30 lebih 27 ringgit allah,9856b8d4-d1f8-44ab-8e19-f2d79520f479,1,2026-03-14 15:55:22,Google Play
1,negative,negative,2,Grab,en,app is good but no customer support when rider stole our food.,a0ec0868-b9da-478e-853a-1c561d210a38,1,2026-06-12 20:02:38,Google Play
1,negative,negative,2,Grab,en,สั่งแกรบตลอดแต่นี่มันเกินไปจริงๆ สั่งเพื่อให้ได้ของเร็ว เสียเงินเพิ่มสุดท้ายเลทแล้วให้Voucherนี่มันไม่ใช่การแก้ปัญหา เราต้องการของเร็วค่ะ ไม่ใช่ให้งานไรเดอร์ซ้ำ เลท แล้วค่อยให้คอมพรีเมนทารีเรา,dde4ee78-9090-416f-a8bf-52254e71bd3b,0,2026-06-21 12:31:48,Google Play
1,negative,negative,2,Grab,en,I've no problem with GRAB SERVICES so far! overall is good! but the application ask me and need to UPGRADES time over the times..again n again! in fact there's not much change into the application after I get the upgrade! wasting my prestige time and my prestige internal memory of my phone!!! it sucks!,0c28cbf1-7ebb-4409-920f-92212dab2fd7,0,2026-06-08 17:36:21,Google Play
1,negative,negative,1,Grab,en,useless when emergency,b814b643-0040-43a0-a4be-8713aefde139,0,2026-06-20 06:36:29,Google Play
1,negative,negative,2,Grab,en,says I don't have internet connection when i have 5g. inconsistent,f6c22814-dc38-4746-9fef-82306ce59a1b,0,2026-05-28 10:50:33,Google Play
1,negative,negative,1,Grab,ms,Semua driver jauh,4a47298a-5576-44d8-ab84-2396d496b053,0,2026-02-14 12:27:50,Google Play
1,negative,negative,2,Grab,en,poor help support service,370b1452-d594-4c39-8cba-85011713b219,0,2026-05-26 12:03:04,Google Play
1,negative,negative,2,Grab,ms,penghantaran yang mahal,efb3eb49-6d19-47e7-81da-fe274f129830,1,2025-05-03 11:30:01,Google Play
1,negative,negative,1,Grab,en,"Driver and food were fine, but Grab's system is a joke. Why route my order to Parada when there are closer Chooks-to-Go branches in Paso and Poblacion? Your broken algorithm forced an absurd 45-minute wait time for pre-cooked liempo that just needs chopping. Worst of all, you charged a ridiculous ₱81 delivery fee on a ₱290 order—a 30% markup! Premium fees for garbage logistics. Fix your app!",b5848dc9-b4d1-4086-a7c6-c8f4027e2796,0,2026-06-21 04:48:34,Google Play
1,negative,negative,1,Grab,ms,skrang grab susah kan org.limpas dari jam 12 TGH malam dah tak boleh bayar cash.so kami yg tak ada bank online susah nak keluar sampai TGH malam.harap boleh d pertimbangkan lagi.,3343f6a8-c88f-4dd8-a4e5-b839b02dd407,6,2026-01-11 23:52:16,Google Play
1,negative,negative,2,Grab,ms,grab ok...tapi harga makin mahal..sedangkan dekat jer .melampau kadang2..tolonglah turun kan harga sikit...dekat jer pun!!!bukan nk g jauh...makin mahal!!!,7493c865-a83c-43e2-b57e-fdfcaed8f8fa,1,2026-02-08 20:16:16,Google Play
1,negative,negative,2,Grab,ms,grab tolong lah lokasi terpencil macam kampung ke sy susah nak pergi guna grab,98e2fe0e-4498-425a-a965-77ec3da056cc,3,2025-08-16 12:16:05,Google Play
1,negative,negative,1,Grab,en,Grab Myanmar is exploiting and exploiting Grab Drivers from Myanmar.,0ceaee35-f37b-4e2e-8687-dc55af7d41a9,0,2026-06-19 13:25:14,Google Play
1,negative,negative,2,Grab,ms,"Grab memang senang dapat bila kita booking tetapi,tiada mata ganjaran atau poin kita dapat,tak best dah,harap perbaiki supaya harga berpatutan lah utk pengguna grab",cd83a827-8368-40a6-84ba-b839457f1778,2,2025-02-27 18:03:26,Google Play
1,negative,negative,2,Grab,ms,sebelum siapkan order pastikan betul jangan main ambik jer tapi salah,e3af21da-714c-4682-8d4b-c9e5385d6a9d,2,2026-01-12 20:29:14,Google Play
1,negative,negative,1,Grab,en,Terrible app: cannot change phone number as it gives unspecified errors. No way of reaching out to anyone about this. Even the process to leave feedback on their app is laughable: the keyboard overlaps the box you're typing in.,d1c3d399-5f39-4bb7-a54b-8ff12422d482,0,2026-06-19 10:19:10,Google Play
1,negative,negative,1,Grab,ms,loading manjang. bodo ke?,69e05f30-9263-4db3-b933-b89a8cf957ce,2,2026-06-17 20:06:54,Google Play
1,negative,negative,1,Grab,ms,online topup wallet so slow,5a9d5566-ff25-485a-9a61-1c54db1e5d70,2,2026-06-15 12:22:41,Google Play
1,negative,negative,2,Grab,en,So many terrible drivers,936fc212-fcaf-4c9b-8dfc-e9d5c059753d,0,2026-06-05 18:24:26,Google Play
1,negative,negative,2,Grab,en,harga makin lama makin mahal. padahal dekat sja tapi harga dh nak menceca 20?,abe82c8b-f89a-4fb0-9d32-31ff6a34be5a,0,2026-06-09 08:44:51,Google Play
1,negative,negative,2,Grab,en,i have a massive problem with their transaction like what do you mean i have to wait for an hour to receive the money I've topped up .,ebad3418-495a-4414-996c-4c77674bcd3a,0,2026-05-23 20:16:13,Google Play
1,negative,negative,2,Grab,en,My Grab for the airport was good on the streets one charged me 100 for a 33 priced ride and when I was coming home the grab driver tried to charge me 150.00 for the same 33.00 ride 👎🏾,c51eb5f8-ce64-490e-b494-3276dc0e7e98,0,2026-05-26 00:14:37,Google Play
1,negative,negative,2,Grab,en,"Mart items get remove from your cart and not restored afterward, making it impossible for you to use coupon or promotion in time.",7fde7d93-5866-4620-ac72-278da20f04a6,1,2026-06-07 14:06:52,Google Play
1,negative,negative,1,Grab,en,was good. now it doesn't give coupons and slowly tries to up charge me.,8bf84810-b96b-4c46-a440-68eaa4d6a094,0,2026-06-19 14:43:38,Google Play
1,negative,negative,2,Grab,en,"SINYAL FULL, KUOTA ADA, SALDO OVO ADA, PESEN GRAB 10 MENIT POSISI DRIVER GA GERAK2, DICHAT GA BALES, SAYA CANCEL TERNYAYA BARANG SDH DIAMBIL, DRIVER MARAH2, LAH APLIKASINYA YANG GA NGELOAD",0657df7d-4c42-4d44-814d-452228a4a889,1,2026-06-06 15:21:17,Google Play
1,negative,negative,2,Grab,en,"ngacoo, masa titik nya jadi pindah ke tengah sungai dan berubah ubah dgn sendirinya",1b94dbe7-3e08-4078-86b8-7444722adf95,0,2026-05-25 19:59:30,Google Play
1,negative,negative,1,Grab,ms,wai sedikan pin grab lah AP lah. tetap jugak salah apa erk. tangan aku salah typ ke apa sampai sebulan aku tk leh login ke acc aku,baf7031f-9e20-47b1-b29b-52b68bef6043,0,2026-05-07 21:50:04,Google Play
1,negative,negative,1,Grab,ms,"The system is bad now, looking for a standard car, no one will take it, while the standard express car is twice the price, it's a pain",25e4d4f1-fa40-4c35-9d66-2e477587f23e,1,2026-02-11 18:49:38,Google Play
1,negative,negative,1,Grab,en,"Too Bad... Since I really use my Grab all of sudden they made changes which abolish all my previously collected points around 10,000 points. Stupid management",c56d6e0a-e20d-4dac-9613-f17c78e5ade7,0,2026-06-19 13:24:53,Google Play
1,negative,negative,2,Grab,en,hate the fact that you cant used the app without setting up a passkey,03a24f44-dfa8-48f3-83ff-4bb6163267fc,0,2026-06-16 23:05:22,Google Play
1,negative,negative,1,Grab,en,"stupid your app, no guarantee for lower price, just greedy people",a185ba54-d7c5-45c4-b842-2d38be265554,0,2026-06-18 17:20:59,Google Play
1,negative,negative,2,Grab,en,I reported to Grab a restaurant misleading customers by displaying a full-size pizza photo but delivering only 2 slices. Grab has allowed the restaurant to continue using the full-size pizza photo despite it being misleading.,9a7dd6fe-1dbd-4efc-aff2-9078e1d6f78d,0,2026-06-03 13:47:30,Google Play
1,negative,negative,2,Grab,en,"Đặt xe từ 19h10. Báo có xe chậm nhất 19h22. Mình phải đứng đợi tới 19h20 thì bị hủy chuyến không rõ ràng từ phía tài xế. Bên áp cũng không áp dụng phần giảm giá hay hỗ trợ nào. Lại phải đặt,chờ lại từ đầu",5e661e26-ec61-4219-b28c-9472395b5134,0,2026-06-20 20:30:45,Google Play
1,negative,negative,1,Grab,ms,sudah tiada grab coin kah percuma bayar grab coin bodoh percuma aku active grab coin tapi bila diguna langsung tidak ada grab coin,4e0ab372-e1a1-4143-95f6-8d43149922ad,0,2026-05-26 19:47:02,Google Play
1,negative,negative,2,Grab,en,"Not particularly great at food delivery. Very often the driver picks up multiple orders ""to increase efficiency"". The ""efficiency"" may be good for Grab; for you it means they drive around with your food in a bag for longer than 20 minutes. Not a problem if you don't mind cold food. Edit: Grab has discovered spam. Minus another star.",f7e2649f-a1a6-45aa-9487-fb2dfe91869b,6,2026-05-25 17:20:13,Google Play
1,negative,negative,1,Grab,en,All foreigners are awere from grab taxi drivers. In Phuket i book a ride from patong to chalong in 280 Bath where i was going to see the dolphin show. When I was reached at my destination i gave 200 bath to the drive of car No. 1316 then because i have no 80 bath change in my wallet i gave him again 1000 Bath and ask him to return my 920 my back in mean time he close his car window and ran away from stop. I shouted and run back to him. And i also call him on him cell phn no. Mention on Grab app,3b6ca8e5-a04d-43e5-92a8-294e5113935a,0,2026-06-20 09:14:08,Google Play
1,negative,negative,1,Grab,en,stuck on set up passcode. unable to use app for a few months now. better use food panda,85ad8947-876e-45e1-ba32-319045fef729,0,2026-06-20 15:09:44,Google Play
1,negative,negative,1,Grab,en,Used grab transport almost everyday and no matter how advance i book i still will get driver after more than 10mins plus another 17mins for them to pick me up. and that is just the ETA. Actual duration from booking to pick up is actually over 30mins. i have proof and it happen alot :(,76645c1a-f785-4ce9-8baf-bb7931c40ecd,0,2026-06-20 13:49:46,Google Play
1,negative,negative,1,Grab,ms,tak memuaskan hati saya tidak dapat buat loan apa yang nak masih lagi tak dapat,0a9bdc02-4a52-4d80-aa24-a3cbcae09ee3,0,2026-04-14 05:28:35,Google Play
1,negative,negative,2,Grab,ms,kenapa harga greb tak sesuai kadang mahal,5cc68fb0-5dc1-4976-9a22-1bf2c096fa55,1,2025-08-18 07:37:42,Google Play
1,negative,negative,2,Grab,en,it's an ok app but the notifications are broken and they continously send to my watch,f074f064-f256-42c0-8754-a8699d6e5f40,0,2026-06-15 15:22:43,Google Play
1,negative,negative,1,Grab,ms,"Tutup je lah Apps nie,nak Login pun payah",aae08f1c-3fd6-4b90-b25a-1961f3b04c5e,1,2026-05-02 21:06:58,Google Play
1,negative,negative,2,Grab,ms,penghantaran yang lambat 👎,cde13d53-95e3-4321-9ae1-fda052595439,3,2025-04-04 11:06:46,Google Play
1,negative,negative,2,Grab,en,"Please make an option to put the ""Favorites"" tab front and center when opening the app :(",66599aa9-8b5b-4d33-8c59-70936d5f12bd,0,2026-06-14 01:41:49,Google Play
